,State,Year,Sector Name,Price (cents per kWh)
0,AK,2020,residential,22.57
1,AK,2019,residential,22.92
2,AK,2018,residential,21.94
3,AK,2017,residential,21.27
4,AK,2016,residential,20.3
5,AK,2015,residential,19.83
6,AK,2014,residential,19.14
7,AK,2013,residential,18.12
8,AK,2012,residential,17.88
9,AK,2011,residential,17.62
10,AK,2010,residential,16.26
11,AK,2009,residential,17.14
12,AK,2008,residential,16.56
13,AK,2007,residential,15.18
14,AK,2006,residential,14.83
15,AK,2005,residential,13.3
16,AK,2004,residential,12.44
17,AK,2003,residential,11.98
18,AK,2002,residential,12.05
19,AK,2001,residential,12.12
20,AL,2020,residential,12.57
21,AL,2019,residential,12.53
22,AL,2018,residential,12.18
23,AL,2017,residential,12.55
24,AL,2016,residential,11.99
25,AL,2015,residential,11.7
26,AL,2014,residential,11.48
27,AL,2013,residential,11.26
28,AL,2012,residential,11.4
29,AL,2011,residential,11.09
30,AL,2010,residential,10.67
31,AL,2009,residential,10.66
32,AL,2008,residential,10.4
33,AL,2007,residential,9.32
34,AL,2006,residential,8.75
35,AL,2005,residential,8.0
36,AL,2004,residential,7.62
37,AL,2003,residential,7.39
38,AL,2002,residential,7.12
39,AL,2001,residential,7.01
40,AR,2020,residential,10.41
41,AR,2019,residential,9.8
42,AR,2018,residential,9.81
43,AR,2017,residential,10.28
44,AR,2016,residential,9.92
45,AR,2015,residential,9.82
46,AR,2014,residential,9.51
47,AR,2013,residential,9.59
48,AR,2012,residential,9.3
49,AR,2011,residential,9.02
50,AR,2010,residential,8.86
51,AR,2009,residential,9.14
52,AR,2008,residential,9.27
53,AR,2007,residential,8.73
54,AR,2006,residential,8.85
55,AR,2005,residential,8.0
56,AR,2004,residential,7.36
57,AR,2003,residential,7.24
58,AR,2002,residential,7.25
59,AR,2001,residential,7.72
60,AZ,2020,residential,12.27
61,AZ,2019,residential,12.43
62,AZ,2018,residential,12.77
63,AZ,2017,residential,12.44
64,AZ,2016,residential,12.15
65,AZ,2015,residential,12.13
66,AZ,2014,residential,11.9
67,AZ,2013,residential,11.71
68,AZ,2012,residential,11.29
69,AZ,2011,residential,11.08
70,AZ,2010,residential,10.97
71,AZ,2009,residential,10.73
72,AZ,2008,residential,10.27
73,AZ,2007,residential,9.66
74,AZ,2006,residential,9.4
75,AZ,2005,residential,8.86
76,AZ,2004,residential,8.46
77,AZ,2003,residential,8.35
78,AZ,2002,residential,8.27
79,AZ,2001,residential,8.3
80,CA,2020,residential,20.45
81,CA,2019,residential,19.15
82,CA,2018,residential,18.84
83,CA,2017,residential,18.31
84,CA,2016,residential,17.39
85,CA,2015,residential,16.99
86,CA,2014,residential,16.25
87,CA,2013,residential,16.23
88,CA,2012,residential,15.34
89,CA,2011,residential,14.78
90,CA,2010,residential,14.75
91,CA,2009,residential,14.74
92,CA,2008,residential,13.81
93,CA,2007,residential,14.42
94,CA,2006,residential,14.33
95,CA,2005,residential,12.51
96,CA,2004,residential,12.2
97,CA,2003,residential,12.23
98,CA,2002,residential,12.64
99,CA,2001,residential,12.09
100,CO,2020,residential,12.36
101,CO,2019,residential,12.18
102,CO,2018,residential,12.15
103,CO,2017,residential,12.17
104,CO,2016,residential,12.07
105,CO,2015,residential,12.12
106,CO,2014,residential,12.18
107,CO,2013,residential,11.93
108,CO,2012,residential,11.46
109,CO,2011,residential,11.27
110,CO,2010,residential,11.04
111,CO,2009,residential,10.0
112,CO,2008,residential,10.13
113,CO,2007,residential,9.25
114,CO,2006,residential,9.02
115,CO,2005,residential,9.06
116,CO,2004,residential,8.42
117,CO,2003,residential,8.14
118,CO,2002,residential,7.37
119,CO,2001,residential,7.47
120,CT,2020,residential,22.71
121,CT,2019,residential,21.87
122,CT,2018,residential,21.2
123,CT,2017,residential,20.29
124,CT,2016,residential,20.01
125,CT,2015,residential,20.94
126,CT,2014,residential,19.75
127,CT,2013,residential,17.55
128,CT,2012,residential,17.34
129,CT,2011,residential,18.11
130,CT,2010,residential,19.25
131,CT,2009,residential,20.33
132,CT,2008,residential,19.54
133,CT,2007,residential,19.11
134,CT,2006,residential,16.86
135,CT,2005,residential,13.64
136,CT,2004,residential,11.63
137,CT,2003,residential,11.31
138,CT,2002,residential,10.96
139,CT,2001,residential,10.9
140,DC,2020,residential,12.63
141,DC,2019,residential,12.98
142,DC,2018,residential,12.84
143,DC,2017,residential,12.94
144,DC,2016,residential,12.29
145,DC,2015,residential,12.99
146,DC,2014,residential,12.74
147,DC,2013,residential,12.57
148,DC,2012,residential,12.28
149,DC,2011,residential,13.4
150,DC,2010,residential,14.01
151,DC,2009,residential,13.73
152,DC,2008,residential,12.78
153,DC,2007,residential,11.18
154,DC,2006,residential,9.88
155,DC,2005,residential,9.1
156,DC,2004,residential,8.0
157,DC,2003,residential,7.84
158,DC,2002,residential,7.98
159,DC,2001,residential,7.79
160,DE,2020,residential,12.56
161,DE,2019,residential,12.55
162,DE,2018,residential,12.53
163,DE,2017,residential,13.35
164,DE,2016,residential,13.42
165,DE,2015,residential,13.42
166,DE,2014,residential,13.29
167,DE,2013,residential,12.95
168,DE,2012,residential,13.58
169,DE,2011,residential,13.7
170,DE,2010,residential,13.8
171,DE,2009,residential,14.07
172,DE,2008,residential,13.93
173,DE,2007,residential,13.16
174,DE,2006,residential,11.85
175,DE,2005,residential,9.01
176,DE,2004,residential,8.78
177,DE,2003,residential,8.59
178,DE,2002,residential,8.7
179,DE,2001,residential,8.61
180,FL,2020,residential,11.27
181,FL,2019,residential,11.7
182,FL,2018,residential,11.54
183,FL,2017,residential,11.61
184,FL,2016,residential,10.98
185,FL,2015,residential,11.58
186,FL,2014,residential,11.89
187,FL,2013,residential,11.27
188,FL,2012,residential,11.42
189,FL,2011,residential,11.51
190,FL,2010,residential,11.44
191,FL,2009,residential,12.39
192,FL,2008,residential,11.65
193,FL,2007,residential,11.22
194,FL,2006,residential,11.33
195,FL,2005,residential,9.62
196,FL,2004,residential,8.99
197,FL,2003,residential,8.55
198,FL,2002,residential,8.16
199,FL,2001,residential,8.59
200,GA,2020,residential,12.02
201,GA,2019,residential,11.76
202,GA,2018,residential,11.47
203,GA,2017,residential,11.9
204,GA,2016,residential,11.5
205,GA,2015,residential,11.54
206,GA,2014,residential,11.65
207,GA,2013,residential,11.46
208,GA,2012,residential,11.17
209,GA,2011,residential,11.05
210,GA,2010,residential,10.07
211,GA,2009,residential,10.13
212,GA,2008,residential,9.93
213,GA,2007,residential,9.1
214,GA,2006,residential,8.91
215,GA,2005,residential,8.64
216,GA,2004,residential,7.86
217,GA,2003,residential,7.7
218,GA,2002,residential,7.63
219,GA,2001,residential,7.72
220,HI,2020,residential,30.28
221,HI,2019,residential,32.06
222,HI,2018,residential,32.47
223,HI,2017,residential,29.5
224,HI,2016,residential,27.47
225,HI,2015,residential,29.6
226,HI,2014,residential,37.04
227,HI,2013,residential,36.98
228,HI,2012,residential,37.34
229,HI,2011,residential,34.68
230,HI,2010,residential,28.1
231,HI,2009,residential,24.2
232,HI,2008,residential,32.5
233,HI,2007,residential,24.12
234,HI,2006,residential,23.35
235,HI,2005,residential,20.7
236,HI,2004,residential,18.06
237,HI,2003,residential,16.73
238,HI,2002,residential,15.63
239,HI,2001,residential,16.34
240,IA,2020,residential,12.46
241,IA,2019,residential,12.46
242,IA,2018,residential,12.24
243,IA,2017,residential,12.34
244,IA,2016,residential,11.94
245,IA,2015,residential,11.63
246,IA,2014,residential,11.16
247,IA,2013,residential,11.04
248,IA,2012,residential,10.82
249,IA,2011,residential,10.46
250,IA,2010,residential,10.42
251,IA,2009,residential,9.99
252,IA,2008,residential,9.49
253,IA,2007,residential,9.45
254,IA,2006,residential,9.63
255,IA,2005,residential,9.27
256,IA,2004,residential,8.96
257,IA,2003,residential,8.57
258,IA,2002,residential,8.35
259,IA,2001,residential,8.41
260,ID,2020,residential,9.95
261,ID,2019,residential,9.89
262,ID,2018,residential,10.15
263,ID,2017,residential,10.04
264,ID,2016,residential,9.95
265,ID,2015,residential,9.93
266,ID,2014,residential,9.72
267,ID,2013,residential,9.32
268,ID,2012,residential,8.67
269,ID,2011,residential,7.87
270,ID,2010,residential,7.99
271,ID,2009,residential,7.8
272,ID,2008,residential,6.99
273,ID,2007,residential,6.36
274,ID,2006,residential,6.21
275,ID,2005,residential,6.29
276,ID,2004,residential,6.1
277,ID,2003,residential,6.24
278,ID,2002,residential,6.59
279,ID,2001,residential,6.01
280,IL,2020,residential,13.04
281,IL,2019,residential,13.03
282,IL,2018,residential,12.77
283,IL,2017,residential,12.95
284,IL,2016,residential,12.54
285,IL,2015,residential,12.5
286,IL,2014,residential,11.91
287,IL,2013,residential,10.63
288,IL,2012,residential,11.37
289,IL,2011,residential,11.78
290,IL,2010,residential,11.52
291,IL,2009,residential,11.27
292,IL,2008,residential,11.07
293,IL,2007,residential,10.12
294,IL,2006,residential,8.42
295,IL,2005,residential,8.34
296,IL,2004,residential,8.37
297,IL,2003,residential,8.38
298,IL,2002,residential,8.39
299,IL,2001,residential,8.71
300,IN,2020,residential,12.83
301,IN,2019,residential,12.58
302,IN,2018,residential,12.26
303,IN,2017,residential,12.29
304,IN,2016,residential,11.79
305,IN,2015,residential,11.57
306,IN,2014,residential,11.46
307,IN,2013,residential,10.99
308,IN,2012,residential,10.53
309,IN,2011,residential,10.06
310,IN,2010,residential,9.56
311,IN,2009,residential,9.5
312,IN,2008,residential,8.87
313,IN,2007,residential,8.26
314,IN,2006,residential,8.22
315,IN,2005,residential,7.5
316,IN,2004,residential,7.3
317,IN,2003,residential,7.04
318,IN,2002,residential,6.91
319,IN,2001,residential,6.92
320,KS,2020,residential,12.85
321,KS,2019,residential,12.71
322,KS,2018,residential,13.35
323,KS,2017,residential,13.31
324,KS,2016,residential,13.06
325,KS,2015,residential,12.34
326,KS,2014,residential,12.17
327,KS,2013,residential,11.64
328,KS,2012,residential,11.24
329,KS,2011,residential,10.65
330,KS,2010,residential,10.03
331,KS,2009,residential,9.53
332,KS,2008,residential,8.89
333,KS,2007,residential,8.19
334,KS,2006,residential,8.25
335,KS,2005,residential,7.9
336,KS,2004,residential,7.74
337,KS,2003,residential,7.71
338,KS,2002,residential,7.67
339,KS,2001,residential,7.66
340,KY,2020,residential,10.87
341,KY,2019,residential,10.8
342,KY,2018,residential,10.6
343,KY,2017,residential,10.85
344,KY,2016,residential,10.49
345,KY,2015,residential,10.24
346,KY,2014,residential,10.16
347,KY,2013,residential,9.79
348,KY,2012,residential,9.43
349,KY,2011,residential,9.2
350,KY,2010,residential,8.57
351,KY,2009,residential,8.37
352,KY,2008,residential,7.94
353,KY,2007,residential,7.34
354,KY,2006,residential,7.02
355,KY,2005,residential,6.57
356,KY,2004,residential,6.11
357,KY,2003,residential,5.81
358,KY,2002,residential,5.65
359,KY,2001,residential,5.58
360,LA,2020,residential,9.67
361,LA,2019,residential,9.8
362,LA,2018,residential,9.59
363,LA,2017,residential,9.74
364,LA,2016,residential,9.34
365,LA,2015,residential,9.33
366,LA,2014,residential,9.57
367,LA,2013,residential,9.43
368,LA,2012,residential,8.37
369,LA,2011,residential,8.96
370,LA,2010,residential,8.98
371,LA,2009,residential,8.1
372,LA,2008,residential,10.28
373,LA,2007,residential,9.37
374,LA,2006,residential,9.14
375,LA,2005,residential,8.87
376,LA,2004,residential,8.05
377,LA,2003,residential,7.84
378,LA,2002,residential,7.1
379,LA,2001,residential,7.92
380,MA,2020,residential,21.97
381,MA,2019,residential,21.92
382,MA,2018,residential,21.61
383,MA,2017,residential,20.06
384,MA,2016,residential,19.0
385,MA,2015,residential,19.83
386,MA,2014,residential,17.39
387,MA,2013,residential,15.83
388,MA,2012,residential,14.91
389,MA,2011,residential,14.67
390,MA,2010,residential,14.59
391,MA,2009,residential,16.87
392,MA,2008,residential,17.56
393,MA,2007,residential,16.23
394,MA,2006,residential,16.6
395,MA,2005,residential,13.44
396,MA,2004,residential,11.75
397,MA,2003,residential,11.6
398,MA,2002,residential,10.93
399,MA,2001,residential,12.47
400,MD,2020,residential,13.01
401,MD,2019,residential,13.12
402,MD,2018,residential,13.3
403,MD,2017,residential,13.96
404,MD,2016,residential,14.23
405,MD,2015,residential,13.82
406,MD,2014,residential,13.63
407,MD,2013,residential,13.25
408,MD,2012,residential,12.84
409,MD,2011,residential,13.31
410,MD,2010,residential,14.32
411,MD,2009,residential,14.98
412,MD,2008,residential,13.84
413,MD,2007,residential,11.89
414,MD,2006,residential,9.71
415,MD,2005,residential,8.46
416,MD,2004,residential,7.8
417,MD,2003,residential,7.73
418,MD,2002,residential,7.74
419,MD,2001,residential,7.67
420,ME,2020,residential,16.81
421,ME,2019,residential,17.89
422,ME,2018,residential,16.84
423,ME,2017,residential,15.97
424,ME,2016,residential,15.83
425,ME,2015,residential,15.61
426,ME,2014,residential,15.27
427,ME,2013,residential,14.35
428,ME,2012,residential,14.66
429,ME,2011,residential,15.38
430,ME,2010,residential,15.72
431,ME,2009,residential,15.64
432,ME,2008,residential,16.24
433,ME,2007,residential,16.52
434,ME,2006,residential,13.8
435,ME,2005,residential,13.23
436,ME,2004,residential,12.16
437,ME,2003,residential,12.37
438,ME,2002,residential,12.74
439,ME,2001,residential,13.13
440,MI,2020,residential,16.26
441,MI,2019,residential,15.74
442,MI,2018,residential,15.45
443,MI,2017,residential,15.4
444,MI,2016,residential,15.22
445,MI,2015,residential,14.42
446,MI,2014,residential,14.46
447,MI,2013,residential,14.59
448,MI,2012,residential,14.13
449,MI,2011,residential,13.27
450,MI,2010,residential,12.46
451,MI,2009,residential,11.6
452,MI,2008,residential,10.75
453,MI,2007,residential,10.21
454,MI,2006,residential,9.77
455,MI,2005,residential,8.4
456,MI,2004,residential,8.33
457,MI,2003,residential,8.35
458,MI,2002,residential,8.28
459,MI,2001,residential,8.26
460,MN,2020,residential,13.17
461,MN,2019,residential,13.04
462,MN,2018,residential,13.14
463,MN,2017,residential,13.04
464,MN,2016,residential,12.67
465,MN,2015,residential,12.12
466,MN,2014,residential,12.01
467,MN,2013,residential,11.81
468,MN,2012,residential,11.35
469,MN,2011,residential,10.96
470,MN,2010,residential,10.59
471,MN,2009,residential,10.04
472,MN,2008,residential,9.74
473,MN,2007,residential,9.18
474,MN,2006,residential,8.7
475,MN,2005,residential,8.28
476,MN,2004,residential,7.92
477,MN,2003,residential,7.65
478,MN,2002,residential,7.49
479,MN,2001,residential,7.61
480,MO,2020,residential,11.22
481,MO,2019,residential,11.14
482,MO,2018,residential,11.34
483,MO,2017,residential,11.63
484,MO,2016,residential,11.21
485,MO,2015,residential,11.21
486,MO,2014,residential,10.64
487,MO,2013,residential,10.6
488,MO,2012,residential,10.17
489,MO,2011,residential,9.75
490,MO,2010,residential,9.08
491,MO,2009,residential,8.54
492,MO,2008,residential,8.0
493,MO,2007,residential,7.69
494,MO,2006,residential,7.44
495,MO,2005,residential,7.08
496,MO,2004,residential,6.97
497,MO,2003,residential,6.96
498,MO,2002,residential,7.06
499,MO,2001,residential,7.0
500,MS,2020,residential,11.17
501,MS,2019,residential,11.27
502,MS,2018,residential,11.12
503,MS,2017,residential,11.08
504,MS,2016,residential,10.47
505,MS,2015,residential,11.27
506,MS,2014,residential,11.32
507,MS,2013,residential,10.78
508,MS,2012,residential,10.26
509,MS,2011,residential,10.17
510,MS,2010,residential,9.87
511,MS,2009,residential,10.22
512,MS,2008,residential,10.39
513,MS,2007,residential,9.36
514,MS,2006,residential,9.66
515,MS,2005,residential,8.71
516,MS,2004,residential,8.21
517,MS,2003,residential,7.6
518,MS,2002,residential,7.28
519,MS,2001,residential,7.37
520,MT,2020,residential,11.24
521,MT,2019,residential,11.13
522,MT,2018,residential,10.96
523,MT,2017,residential,10.95
524,MT,2016,residential,10.94
525,MT,2015,residential,10.88
526,MT,2014,residential,10.18
527,MT,2013,residential,10.33
528,MT,2012,residential,10.08
529,MT,2011,residential,9.75
530,MT,2010,residential,9.16
531,MT,2009,residential,8.94
532,MT,2008,residential,9.13
533,MT,2007,residential,8.77
534,MT,2006,residential,8.28
535,MT,2005,residential,8.1
536,MT,2004,residential,7.86
537,MT,2003,residential,7.56
538,MT,2002,residential,7.23
539,MT,2001,residential,6.88
540,NC,2020,residential,11.38
541,NC,2019,residential,11.42
542,NC,2018,residential,11.09
543,NC,2017,residential,10.94
544,NC,2016,residential,11.03
545,NC,2015,residential,11.28
546,NC,2014,residential,11.1
547,NC,2013,residential,10.97
548,NC,2012,residential,10.91
549,NC,2011,residential,10.26
550,NC,2010,residential,10.12
551,NC,2009,residential,9.99
552,NC,2008,residential,9.52
553,NC,2007,residential,9.4
554,NC,2006,residential,9.12
555,NC,2005,residential,8.65
556,NC,2004,residential,8.45
557,NC,2003,residential,8.32
558,NC,2002,residential,8.19
559,NC,2001,residential,8.12
560,ND,2020,residential,10.44
561,ND,2019,residential,10.3
562,ND,2018,residential,10.25
563,ND,2017,residential,10.29
564,ND,2016,residential,10.16
565,ND,2015,residential,9.62
566,ND,2014,residential,9.15
567,ND,2013,residential,9.12
568,ND,2012,residential,9.06
569,ND,2011,residential,8.58
570,ND,2010,residential,8.13
571,ND,2009,residential,7.58
572,ND,2008,residential,7.51
573,ND,2007,residential,7.3
574,ND,2006,residential,7.14
575,ND,2005,residential,6.99
576,ND,2004,residential,6.79
577,ND,2003,residential,6.49
578,ND,2002,residential,6.39
579,ND,2001,residential,6.47
580,NE,2020,residential,10.8
581,NE,2019,residential,10.77
582,NE,2018,residential,10.7
583,NE,2017,residential,10.97
584,NE,2016,residential,10.84
585,NE,2015,residential,10.6
586,NE,2014,residential,10.4
587,NE,2013,residential,10.31
588,NE,2012,residential,10.04
589,NE,2011,residential,9.32
590,NE,2010,residential,8.94
591,NE,2009,residential,8.52
592,NE,2008,residential,7.87
593,NE,2007,residential,7.59
594,NE,2006,residential,7.41
595,NE,2005,residential,7.14
596,NE,2004,residential,6.96
597,NE,2003,residential,6.87
598,NE,2002,residential,6.73
599,NE,2001,residential,6.5
600,NH,2020,residential,19.04
601,NH,2019,residential,20.05
602,NH,2018,residential,19.69
603,NH,2017,residential,19.2
604,NH,2016,residential,18.38
605,NH,2015,residential,18.5
606,NH,2014,residential,17.53
607,NH,2013,residential,16.33
608,NH,2012,residential,16.07
609,NH,2011,residential,16.52
610,NH,2010,residential,16.32
611,NH,2009,residential,16.39
612,NH,2008,residential,15.68
613,NH,2007,residential,14.88
614,NH,2006,residential,14.68
615,NH,2005,residential,13.51
616,NH,2004,residential,12.49
617,NH,2003,residential,11.98
618,NH,2002,residential,11.89
619,NH,2001,residential,12.49
620,NJ,2020,residential,16.03
621,NJ,2019,residential,15.85
622,NJ,2018,residential,15.41
623,NJ,2017,residential,15.65
624,NJ,2016,residential,15.72
625,NJ,2015,residential,15.81
626,NJ,2014,residential,15.78
627,NJ,2013,residential,15.73
628,NJ,2012,residential,15.78
629,NJ,2011,residential,16.23
630,NJ,2010,residential,16.57
631,NJ,2009,residential,16.31
632,NJ,2008,residential,15.66
633,NJ,2007,residential,14.14
634,NJ,2006,residential,12.84
635,NJ,2005,residential,11.74
636,NJ,2004,residential,11.23
637,NJ,2003,residential,10.67
638,NJ,2002,residential,10.38
639,NJ,2001,residential,10.21
640,NM,2020,residential,12.94
641,NM,2019,residential,12.51
642,NM,2018,residential,12.68
643,NM,2017,residential,12.88
644,NM,2016,residential,12.03
645,NM,2015,residential,12.47
646,NM,2014,residential,12.28
647,NM,2013,residential,11.68
648,NM,2012,residential,11.37
649,NM,2011,residential,11.0
650,NM,2010,residential,10.52
651,NM,2009,residential,10.02
652,NM,2008,residential,10.01
653,NM,2007,residential,9.12
654,NM,2006,residential,9.06
655,NM,2005,residential,9.13
656,NM,2004,residential,8.67
657,NM,2003,residential,8.69
658,NM,2002,residential,8.5
659,NM,2001,residential,8.74
660,NV,2020,residential,11.34
661,NV,2019,residential,12.0
662,NV,2018,residential,11.85
663,NV,2017,residential,11.99
664,NV,2016,residential,11.41
665,NV,2015,residential,12.76
666,NV,2014,residential,12.93
667,NV,2013,residential,11.89
668,NV,2012,residential,11.83
669,NV,2011,residential,11.61
670,NV,2010,residential,12.36
671,NV,2009,residential,12.86
672,NV,2008,residential,11.93
673,NV,2007,residential,11.82
674,NV,2006,residential,11.08
675,NV,2005,residential,10.2
676,NV,2004,residential,9.69
677,NV,2003,residential,9.02
678,NV,2002,residential,9.43
679,NV,2001,residential,9.08
680,NY,2020,residential,18.36
681,NY,2019,residential,17.94
682,NY,2018,residential,18.52
683,NY,2017,residential,18.03
684,NY,2016,residential,17.58
685,NY,2015,residential,18.54
686,NY,2014,residential,20.07
687,NY,2013,residential,18.79
688,NY,2012,residential,17.62
689,NY,2011,residential,18.26
690,NY,2010,residential,18.74
691,NY,2009,residential,17.5
692,NY,2008,residential,18.31
693,NY,2007,residential,17.1
694,NY,2006,residential,16.89
695,NY,2005,residential,15.72
696,NY,2004,residential,14.54
697,NY,2003,residential,14.31
698,NY,2002,residential,13.55
699,NY,2001,residential,14.04
700,OH,2020,residential,12.29
701,OH,2019,residential,12.38
702,OH,2018,residential,12.56
703,OH,2017,residential,12.63
704,OH,2016,residential,12.47
705,OH,2015,residential,12.8
706,OH,2014,residential,12.5
707,OH,2013,residential,12.01
708,OH,2012,residential,11.76
709,OH,2011,residential,11.42
710,OH,2010,residential,11.31
711,OH,2009,residential,10.67
712,OH,2008,residential,10.06
713,OH,2007,residential,9.57
714,OH,2006,residential,9.34
715,OH,2005,residential,8.51
716,OH,2004,residential,8.45
717,OH,2003,residential,8.26
718,OH,2002,residential,8.24
719,OH,2001,residential,8.37
720,OK,2020,residential,10.12
721,OK,2019,residential,10.21
722,OK,2018,residential,10.3
723,OK,2017,residential,10.61
724,OK,2016,residential,10.2
725,OK,2015,residential,10.14
726,OK,2014,residential,10.03
727,OK,2013,residential,9.67
728,OK,2012,residential,9.51
729,OK,2011,residential,9.47
730,OK,2010,residential,9.14
731,OK,2009,residential,8.49
732,OK,2008,residential,9.09
733,OK,2007,residential,8.58
734,OK,2006,residential,8.55
735,OK,2005,residential,7.95
736,OK,2004,residential,7.72
737,OK,2003,residential,7.47
738,OK,2002,residential,6.73
739,OK,2001,residential,7.27
740,OR,2020,residential,11.17
741,OR,2019,residential,11.01
742,OR,2018,residential,10.98
743,OR,2017,residential,10.66
744,OR,2016,residential,10.66
745,OR,2015,residential,10.66
746,OR,2014,residential,10.47
747,OR,2013,residential,9.9
748,OR,2012,residential,9.8
749,OR,2011,residential,9.54
750,OR,2010,residential,8.87
751,OR,2009,residential,8.68
752,OR,2008,residential,8.49
753,OR,2007,residential,8.19
754,OR,2006,residential,7.48
755,OR,2005,residential,7.25
756,OR,2004,residential,7.18
757,OR,2003,residential,7.06
758,OR,2002,residential,7.12
759,OR,2001,residential,6.29
760,PA,2020,residential,13.58
761,PA,2019,residential,13.8
762,PA,2018,residential,13.89
763,PA,2017,residential,14.23
764,PA,2016,residential,13.86
765,PA,2015,residential,13.64
766,PA,2014,residential,13.32
767,PA,2013,residential,12.79
768,PA,2012,residential,12.75
769,PA,2011,residential,13.26
770,PA,2010,residential,12.7
771,PA,2009,residential,11.65
772,PA,2008,residential,11.35
773,PA,2007,residential,10.95
774,PA,2006,residential,10.35
775,PA,2005,residential,9.86
776,PA,2004,residential,9.58
777,PA,2003,residential,9.59
778,PA,2002,residential,9.74
779,PA,2001,residential,9.68
780,RI,2020,residential,22.01
781,RI,2019,residential,21.73
782,RI,2018,residential,20.55
783,RI,2017,residential,18.32
784,RI,2016,residential,18.62
785,RI,2015,residential,19.29
786,RI,2014,residential,17.17
787,RI,2013,residential,15.2
788,RI,2012,residential,14.4
789,RI,2011,residential,14.33
790,RI,2010,residential,15.92
791,RI,2009,residential,15.6
792,RI,2008,residential,17.45
793,RI,2007,residential,14.05
794,RI,2006,residential,15.12
795,RI,2005,residential,13.04
796,RI,2004,residential,12.19
797,RI,2003,residential,11.61
798,RI,2002,residential,10.2
799,RI,2001,residential,12.13
800,SC,2020,residential,12.78
801,SC,2019,residential,12.99
802,SC,2018,residential,12.44
803,SC,2017,residential,13.02
804,SC,2016,residential,12.65
805,SC,2015,residential,12.57
806,SC,2014,residential,12.45
807,SC,2013,residential,11.99
808,SC,2012,residential,11.77
809,SC,2011,residential,11.05
810,SC,2010,residential,10.5
811,SC,2009,residential,10.44
812,SC,2008,residential,9.89
813,SC,2007,residential,9.19
814,SC,2006,residential,9.03
815,SC,2005,residential,8.67
816,SC,2004,residential,8.12
817,SC,2003,residential,8.01
818,SC,2002,residential,7.72
819,SC,2001,residential,7.69
820,SD,2020,residential,11.75
821,SD,2019,residential,11.55
822,SD,2018,residential,11.59
823,SD,2017,residential,11.77
824,SD,2016,residential,11.47
825,SD,2015,residential,11.08
826,SD,2014,residential,10.47
827,SD,2013,residential,10.26
828,SD,2012,residential,10.07
829,SD,2011,residential,9.35
830,SD,2010,residential,8.97
831,SD,2009,residential,8.49
832,SD,2008,residential,8.27
833,SD,2007,residential,8.07
834,SD,2006,residential,7.83
835,SD,2005,residential,7.77
836,SD,2004,residential,7.65
837,SD,2003,residential,7.47
838,SD,2002,residential,7.4
839,SD,2001,residential,7.42
840,TN,2020,residential,10.76
841,TN,2019,residential,10.87
842,TN,2018,residential,10.71
843,TN,2017,residential,10.72
844,TN,2016,residential,10.41
845,TN,2015,residential,10.3
846,TN,2014,residential,10.32
847,TN,2013,residential,9.98
848,TN,2012,residential,10.1
849,TN,2011,residential,9.98
850,TN,2010,residential,9.23
851,TN,2009,residential,9.32
852,TN,2008,residential,8.91
853,TN,2007,residential,7.84
854,TN,2006,residential,7.75
855,TN,2005,residential,6.98
856,TN,2004,residential,6.9
857,TN,2003,residential,6.55
858,TN,2002,residential,6.41
859,TN,2001,residential,6.32
860,TX,2020,residential,11.71
861,TX,2019,residential,11.76
862,TX,2018,residential,11.2
863,TX,2017,residential,11.01
864,TX,2016,residential,10.99
865,TX,2015,residential,11.56
866,TX,2014,residential,11.86
867,TX,2013,residential,11.35
868,TX,2012,residential,10.98
869,TX,2011,residential,11.08
870,TX,2010,residential,11.6
871,TX,2009,residential,12.38
872,TX,2008,residential,13.03
873,TX,2007,residential,12.34
874,TX,2006,residential,12.86
875,TX,2005,residential,10.93
876,TX,2004,residential,9.73
877,TX,2003,residential,9.16
878,TX,2002,residential,8.05
879,TX,2001,residential,8.86
880,UT,2020,residential,10.44
881,UT,2019,residential,10.4
882,UT,2018,residential,10.41
883,UT,2017,residential,10.95
884,UT,2016,residential,11.02
885,UT,2015,residential,10.88
886,UT,2014,residential,10.65
887,UT,2013,residential,10.37
888,UT,2012,residential,9.93
889,UT,2011,residential,8.96
890,UT,2010,residential,8.71
891,UT,2009,residential,8.48
892,UT,2008,residential,8.26
893,UT,2007,residential,8.15
894,UT,2006,residential,7.59
895,UT,2005,residential,7.52
896,UT,2004,residential,7.21
897,UT,2003,residential,6.9
898,UT,2002,residential,6.79
899,UT,2001,residential,6.72
900,VA,2020,residential,12.03
901,VA,2019,residential,12.07
902,VA,2018,residential,11.73
903,VA,2017,residential,11.55
904,VA,2016,residential,11.36
905,VA,2015,residential,11.37
906,VA,2014,residential,11.1
907,VA,2013,residential,10.84
908,VA,2012,residential,11.08
909,VA,2011,residential,10.64
910,VA,2010,residential,10.45
911,VA,2009,residential,10.61
912,VA,2008,residential,9.62
913,VA,2007,residential,8.74
914,VA,2006,residential,8.49
915,VA,2005,residential,8.16
916,VA,2004,residential,7.99
917,VA,2003,residential,7.76
918,VA,2002,residential,7.79
919,VA,2001,residential,7.79
920,VT,2020,residential,19.54
921,VT,2019,residential,17.71
922,VT,2018,residential,18.02
923,VT,2017,residential,17.68
924,VT,2016,residential,17.37
925,VT,2015,residential,17.09
926,VT,2014,residential,17.47
927,VT,2013,residential,17.14
928,VT,2012,residential,17.01
929,VT,2011,residential,16.26
930,VT,2010,residential,15.57
931,VT,2009,residential,14.9
932,VT,2008,residential,14.48
933,VT,2007,residential,14.15
934,VT,2006,residential,13.39
935,VT,2005,residential,12.96
936,VT,2004,residential,12.94
937,VT,2003,residential,12.82
938,VT,2002,residential,12.78
939,VT,2001,residential,12.67
940,WA,2020,residential,9.87
941,WA,2019,residential,9.71
942,WA,2018,residential,9.75
943,WA,2017,residential,9.66
944,WA,2016,residential,9.48
945,WA,2015,residential,9.09
946,WA,2014,residential,8.67
947,WA,2013,residential,8.7
948,WA,2012,residential,8.53
949,WA,2011,residential,8.28
950,WA,2010,residential,8.04
951,WA,2009,residential,7.67
952,WA,2008,residential,7.54
953,WA,2007,residential,7.26
954,WA,2006,residential,6.82
955,WA,2005,residential,6.54
956,WA,2004,residential,6.37
957,WA,2003,residential,6.31
958,WA,2002,residential,6.29
959,WA,2001,residential,5.7
960,WI,2020,residential,14.32
961,WI,2019,residential,14.18
962,WI,2018,residential,14.02
963,WI,2017,residential,14.35
964,WI,2016,residential,14.07
965,WI,2015,residential,14.11
966,WI,2014,residential,13.67
967,WI,2013,residential,13.55
968,WI,2012,residential,13.19
969,WI,2011,residential,13.02
970,WI,2010,residential,12.65
971,WI,2009,residential,11.94
972,WI,2008,residential,11.51
973,WI,2007,residential,10.87
974,WI,2006,residential,10.51
975,WI,2005,residential,9.66
976,WI,2004,residential,9.07
977,WI,2003,residential,8.67
978,WI,2002,residential,8.18
979,WI,2001,residential,7.9
980,WV,2020,residential,11.8
981,WV,2019,residential,11.25
982,WV,2018,residential,11.18
983,WV,2017,residential,11.63
984,WV,2016,residential,11.44
985,WV,2015,residential,10.08
986,WV,2014,residential,9.34
987,WV,2013,residential,9.52
988,WV,2012,residential,9.85
989,WV,2011,residential,9.39
990,WV,2010,residential,8.79
991,WV,2009,residential,7.9
992,WV,2008,residential,7.06
993,WV,2007,residential,6.73
994,WV,2006,residential,6.35
995,WV,2005,residential,6.21
996,WV,2004,residential,6.23
997,WV,2003,residential,6.24
998,WV,2002,residential,6.23
999,WV,2001,residential,6.26
1000,WY,2020,residential,11.11
1001,WY,2019,residential,11.18
1002,WY,2018,residential,11.29
1003,WY,2017,residential,11.37
1004,WY,2016,residential,11.13
1005,WY,2015,residential,10.97
1006,WY,2014,residential,10.5
1007,WY,2013,residential,10.16
1008,WY,2012,residential,9.85
1009,WY,2011,residential,9.11
1010,WY,2010,residential,8.77
1011,WY,2009,residential,8.58
1012,WY,2008,residential,8.21
1013,WY,2007,residential,7.75
1014,WY,2006,residential,7.75
1015,WY,2005,residential,7.48
1016,WY,2004,residential,7.21
1017,WY,2003,residential,7.04
1018,WY,2002,residential,6.97
1019,WY,2001,residential,6.77
