,County,num_solar,num_gas,num_oil,num_hydro,num_wind,num_coal,num_biomass,num_storage,num_cogeneration,num_geothermal,num_petcoke,num_nuclear,num_other,Total Households,Median Income,Total Powerplants
0,"Rockland County, New York",2.0,4.0,2.0,0.0,0.0,0.0,0.0,0.0,0.0,0.0,0.0,0.0,0.0,100167.0,88726.0,8.0
1,"Mercer County, New Jersey",13.0,5.0,0.0,0.0,0.0,0.0,0.0,1.0,0.0,0.0,0.0,0.0,0.0,128757.0,79173.0,19.0
2,"Norfolk County, Massachusetts",14.0,7.0,1.0,0.0,0.0,0.0,0.0,1.0,0.0,0.0,0.0,0.0,0.0,263862.0,100829.0,23.0
3,"Los Angeles County, California",113.0,49.0,2.0,19.0,1.0,0.0,3.0,5.0,4.0,0.0,0.0,0.0,0.0,3311231.0,65006.0,196.0
4,"Middlesex County, New Jersey",41.0,7.0,1.0,0.0,0.0,0.0,0.0,0.0,0.0,0.0,0.0,0.0,0.0,285446.0,85337.0,49.0
5,"Chittenden County, Vermont",11.0,0.0,3.0,5.0,1.0,0.0,0.0,1.0,0.0,0.0,0.0,0.0,0.0,65703.0,64444.0,21.0
6,"Fulton County, Georgia",1.0,0.0,10.0,1.0,0.0,0.0,0.0,0.0,0.0,0.0,0.0,0.0,0.0,410408.0,65037.0,12.0
7,"Hampden County, Massachusetts",43.0,4.0,2.0,14.0,1.0,0.0,0.0,0.0,0.0,0.0,0.0,0.0,0.0,180933.0,51726.0,64.0
8,"Fresno County, California",34.0,13.0,1.0,15.0,0.0,0.0,0.0,0.0,0.0,0.0,0.0,0.0,0.0,305819.0,51800.0,63.0
9,"Merced County, California",9.0,0.0,0.0,4.0,1.0,0.0,0.0,0.0,0.0,0.0,0.0,0.0,0.0,80969.0,47735.0,14.0
10,"Sutter County, California",1.0,5.0,0.0,0.0,0.0,0.0,0.0,0.0,0.0,0.0,0.0,0.0,0.0,31945.0,55062.0,6.0
11,"Cleveland County, North Carolina",21.0,2.0,2.0,0.0,0.0,1.0,0.0,0.0,0.0,0.0,0.0,0.0,0.0,39609.0,37205.0,26.0
12,"Saratoga County, New York",8.0,1.0,0.0,15.0,0.0,0.0,0.0,1.0,0.0,0.0,0.0,0.0,0.0,97021.0,83726.0,25.0
13,"Worcester County, Massachusetts",96.0,8.0,2.0,2.0,3.0,0.0,0.0,2.0,0.0,0.0,0.0,0.0,0.0,308533.0,70402.0,113.0
14,"Morris County, New Jersey",9.0,0.0,0.0,0.0,0.0,0.0,0.0,0.0,0.0,0.0,0.0,0.0,0.0,180854.0,114732.0,9.0
15,"Bristol County, Massachusetts",31.0,3.0,1.0,0.0,2.0,0.0,0.0,1.0,0.0,0.0,0.0,0.0,0.0,218570.0,67842.0,38.0
16,"Hudson County, New Jersey",14.0,5.0,0.0,0.0,1.0,0.0,0.0,0.0,0.0,0.0,0.0,0.0,0.0,251906.0,67154.0,20.0
17,"Olmsted County, Minnesota",2.0,4.0,2.0,0.0,0.0,0.0,1.0,0.0,0.0,0.0,0.0,0.0,0.0,61873.0,77270.0,9.0
18,"Allegan County, Michigan",0.0,3.0,0.0,1.0,0.0,0.0,0.0,0.0,0.0,0.0,0.0,0.0,0.0,44766.0,62853.0,4.0
19,"Johnston County, North Carolina",24.0,0.0,0.0,0.0,0.0,0.0,0.0,0.0,0.0,0.0,0.0,0.0,0.0,69048.0,58111.0,24.0
20,"Montgomery County, Pennsylvania",3.0,3.0,1.0,0.0,0.0,0.0,0.0,0.0,0.0,0.0,0.0,1.0,0.0,314756.0,87304.0,8.0
21,"New York County, New York",0.0,6.0,11.0,0.0,0.0,0.0,0.0,0.0,0.0,0.0,0.0,0.0,0.0,764218.0,85071.0,17.0
22,"Madera County, California",5.0,1.0,0.0,7.0,0.0,0.0,0.0,0.0,0.0,0.0,0.0,0.0,0.0,46282.0,51283.0,13.0
23,"Jefferson County, Alabama",0.0,2.0,0.0,0.0,0.0,1.0,0.0,0.0,0.0,0.0,0.0,0.0,0.0,259324.0,50709.0,3.0
24,"Randolph County, North Carolina",9.0,0.0,0.0,0.0,0.0,0.0,0.0,0.0,0.0,0.0,0.0,0.0,0.0,57766.0,43154.0,9.0
25,"Kern County, California",57.0,40.0,1.0,6.0,11.0,0.0,4.0,1.0,0.0,0.0,0.0,0.0,0.0,269147.0,49854.0,120.0
26,"Atlantic County, New Jersey",9.0,2.0,0.0,0.0,1.0,0.0,0.0,1.0,0.0,0.0,0.0,0.0,0.0,97618.0,61777.0,13.0
27,"Burlington County, New Jersey",29.0,2.0,0.0,0.0,0.0,0.0,0.0,0.0,0.0,0.0,0.0,0.0,0.0,164248.0,87673.0,31.0
28,"Orange County, Florida",6.0,3.0,0.0,0.0,0.0,1.0,1.0,0.0,0.0,0.0,0.0,0.0,0.0,460602.0,54107.0,11.0
29,"Allen County, Ohio",0.0,0.0,0.0,0.0,0.0,0.0,0.0,1.0,0.0,0.0,0.0,0.0,0.0,40872.0,51542.0,1.0
30,"Duval County, Florida",5.0,6.0,0.0,0.0,0.0,1.0,0.0,1.0,0.0,0.0,0.0,0.0,0.0,359607.0,52062.0,13.0
31,"Cabell County, West Virginia",0.0,0.0,0.0,0.0,0.0,0.0,0.0,1.0,0.0,0.0,0.0,0.0,0.0,41080.0,33750.0,1.0
32,"Maricopa County, Arizona",27.0,15.0,0.0,7.0,0.0,0.0,0.0,1.0,0.0,0.0,0.0,1.0,0.0,1536579.0,62223.0,51.0
33,"Honolulu County, Hawaii",12.0,0.0,6.0,0.0,2.0,1.0,0.0,1.0,0.0,0.0,0.0,0.0,2.0,312625.0,81284.0,24.0
34,"Orange County, California",4.0,13.0,0.0,3.0,0.0,0.0,2.0,11.0,0.0,0.0,0.0,0.0,0.0,1037312.0,86217.0,33.0
35,"Allegany County, Maryland",0.0,0.0,0.0,0.0,0.0,1.0,0.0,1.0,0.0,0.0,0.0,0.0,0.0,27177.0,42019.0,2.0
36,"El Paso County, Colorado",5.0,3.0,0.0,3.0,1.0,2.0,0.0,1.0,0.0,0.0,0.0,0.0,0.0,258158.0,65370.0,15.0
37,"Brunswick County, North Carolina",2.0,1.0,0.0,0.0,0.0,0.0,0.0,0.0,0.0,0.0,0.0,1.0,0.0,56399.0,56181.0,4.0
38,"Santa Clara County, California",7.0,37.0,6.0,0.0,0.0,0.0,1.0,1.0,0.0,0.0,0.0,0.0,0.0,633811.0,119035.0,52.0
39,"New Castle County, Delaware",2.0,6.0,3.0,0.0,0.0,0.0,0.0,0.0,0.0,0.0,0.0,0.0,0.0,206101.0,66647.0,11.0
40,"Wayne County, North Carolina",20.0,2.0,0.0,0.0,0.0,0.0,0.0,0.0,0.0,0.0,0.0,0.0,0.0,47720.0,44347.0,22.0
41,"Talladega County, Alabama",0.0,1.0,0.0,0.0,0.0,0.0,1.0,0.0,0.0,0.0,0.0,0.0,0.0,31759.0,39731.0,2.0
42,"Calhoun County, Alabama",1.0,1.0,0.0,1.0,0.0,0.0,0.0,0.0,0.0,0.0,0.0,0.0,0.0,44507.0,46763.0,3.0
43,"Riverside County, California",35.0,9.0,0.0,6.0,26.0,0.0,1.0,0.0,0.0,0.0,0.0,0.0,0.0,718733.0,63944.0,77.0
44,"Harford County, Maryland",14.0,2.0,0.0,1.0,0.0,0.0,0.0,0.0,0.0,0.0,0.0,0.0,0.0,93705.0,80476.0,17.0
45,"Sonoma County, California",6.0,1.0,0.0,1.0,0.0,0.0,1.0,0.0,0.0,3.0,0.0,0.0,0.0,188829.0,80409.0,12.0
46,"Spartanburg County, South Carolina",3.0,0.0,2.0,2.0,0.0,0.0,0.0,0.0,0.0,0.0,0.0,0.0,0.0,115765.0,50985.0,7.0
47,"Suffolk County, New York",21.0,11.0,12.0,0.0,0.0,0.0,0.0,2.0,0.0,0.0,0.0,0.0,0.0,482099.0,94750.0,46.0
48,"Solano County, California",11.0,8.0,0.0,0.0,12.0,0.0,0.0,1.0,0.0,0.0,0.0,0.0,0.0,151127.0,77133.0,32.0
49,"Guadalupe County, Texas",0.0,2.0,0.0,4.0,0.0,0.0,0.0,0.0,0.0,0.0,0.0,0.0,0.0,55421.0,66486.0,6.0
50,"Middlesex County, Massachusetts",33.0,5.0,3.0,2.0,0.0,0.0,0.0,2.0,0.0,0.0,0.0,0.0,0.0,599499.0,98555.0,45.0
51,"Pima County, Arizona",20.0,5.0,0.0,0.0,0.0,0.0,0.0,2.0,0.0,0.0,0.0,0.0,0.0,403574.0,51425.0,27.0
52,"Plymouth County, Massachusetts",37.0,1.0,0.0,0.0,5.0,0.0,0.0,0.0,0.0,0.0,0.0,0.0,0.0,187608.0,86910.0,43.0
53,"Kent County, Michigan",0.0,2.0,0.0,2.0,0.0,0.0,0.0,0.0,0.0,0.0,0.0,0.0,0.0,240678.0,61125.0,4.0
54,"Adams County, Colorado",14.0,3.0,0.0,0.0,0.0,0.0,1.0,0.0,0.0,0.0,0.0,0.0,0.0,165730.0,66517.0,18.0
55,"San Bernardino County, California",85.0,13.0,0.0,7.0,1.0,0.0,0.0,1.0,0.0,0.0,0.0,0.0,0.0,626223.0,60420.0,107.0
56,"Clinton County, New York",4.0,1.0,0.0,8.0,4.0,0.0,0.0,0.0,0.0,0.0,0.0,0.0,0.0,31493.0,58234.0,17.0
57,"Lenawee County, Michigan",0.0,0.0,0.0,0.0,0.0,0.0,0.0,0.0,0.0,0.0,0.0,0.0,0.0,38559.0,56515.0,0.0
58,"Ontario County, New York",9.0,0.0,0.0,0.0,1.0,0.0,0.0,0.0,0.0,0.0,0.0,0.0,0.0,44414.0,66004.0,10.0
59,"Monterey County, California",2.0,8.0,0.0,1.0,6.0,0.0,1.0,0.0,0.0,0.0,0.0,0.0,0.0,125518.0,71274.0,18.0
60,"Sacramento County, California",40.0,6.0,0.0,2.0,0.0,0.0,0.0,0.0,0.0,0.0,0.0,0.0,0.0,543250.0,63045.0,48.0
61,"DoÃ±a Ana County, New Mexico",4.0,3.0,0.0,0.0,0.0,0.0,0.0,0.0,0.0,0.0,0.0,0.0,0.0,75441.0,37144.0,7.0
62,"Scott County, Iowa",0.0,1.0,0.0,0.0,0.0,0.0,2.0,0.0,0.0,0.0,0.0,0.0,0.0,64251.0,58129.0,3.0
63,"Calcasieu Parish, Louisiana",0.0,6.0,0.0,0.0,0.0,1.0,0.0,0.0,1.0,0.0,0.0,0.0,2.0,78305.0,52319.0,10.0
64,"Yuma County, Arizona",5.0,2.0,0.0,0.0,0.0,0.0,0.0,0.0,0.0,0.0,0.0,0.0,0.0,74620.0,46798.0,7.0
65,"Jefferson County, Texas",0.0,8.0,0.0,0.0,0.0,0.0,0.0,0.0,0.0,0.0,0.0,0.0,0.0,93735.0,47657.0,8.0
66,"Pueblo County, Colorado",3.0,1.0,2.0,0.0,1.0,1.0,0.0,0.0,0.0,0.0,0.0,0.0,0.0,65098.0,43148.0,8.0
67,"Robeson County, North Carolina",39.0,0.0,1.0,0.0,0.0,0.0,0.0,0.0,0.0,0.0,0.0,0.0,0.0,45351.0,32729.0,40.0
68,"Summit County, Ohio",0.0,1.0,1.0,0.0,0.0,0.0,1.0,0.0,0.0,0.0,0.0,0.0,0.0,226989.0,55419.0,3.0
69,"Orange County, New York",14.0,4.0,1.0,1.0,0.0,0.0,0.0,0.0,0.0,0.0,0.0,0.0,0.0,127517.0,79311.0,20.0
70,"Alameda County, California",3.0,10.0,1.0,0.0,3.0,0.0,3.0,1.0,0.0,0.0,0.0,0.0,0.0,573589.0,96296.0,21.0
71,"Otero County, New Mexico",4.0,0.0,0.0,0.0,0.0,0.0,0.0,0.0,0.0,0.0,0.0,0.0,0.0,23007.0,43887.0,4.0
72,"Dougherty County, Georgia",2.0,0.0,0.0,1.0,0.0,0.0,1.0,0.0,0.0,0.0,0.0,0.0,0.0,34179.0,38712.0,4.0
73,"Albany County, New York",6.0,3.0,0.0,4.0,0.0,0.0,0.0,0.0,0.0,0.0,0.0,0.0,0.0,124144.0,66204.0,13.0
74,"Stearns County, Minnesota",27.0,0.0,2.0,0.0,1.0,0.0,0.0,0.0,0.0,0.0,0.0,0.0,0.0,59708.0,63271.0,30.0
75,"Marshall County, Alabama",0.0,0.0,1.0,1.0,0.0,0.0,0.0,0.0,0.0,0.0,0.0,0.0,0.0,34083.0,41476.0,2.0
76,"Bernalillo County, New Mexico",9.0,4.0,0.0,0.0,0.0,0.0,0.0,1.0,0.0,0.0,0.0,0.0,0.0,264827.0,51005.0,14.0
77,"Natrona County, Wyoming",0.0,0.0,0.0,2.0,1.0,0.0,0.0,0.0,0.0,0.0,0.0,0.0,0.0,32556.0,60546.0,3.0
78,"Pierce County, Washington",0.0,2.0,1.0,3.0,0.0,0.0,1.0,0.0,0.0,0.0,0.0,0.0,0.0,321268.0,69278.0,7.0
79,"Sandoval County, New Mexico",3.0,1.0,0.0,0.0,0.0,0.0,0.0,0.0,0.0,0.0,0.0,0.0,0.0,50873.0,54296.0,4.0
80,"Bartow County, Georgia",0.0,0.0,0.0,1.0,0.0,1.0,0.0,0.0,0.0,0.0,0.0,0.0,0.0,38765.0,54218.0,2.0
81,"Allegheny County, Pennsylvania",0.0,6.0,1.0,0.0,0.0,1.0,0.0,0.0,0.0,0.0,0.0,0.0,0.0,537381.0,58625.0,8.0
82,"Armstrong County, Pennsylvania",0.0,1.0,0.0,5.0,0.0,1.0,0.0,0.0,0.0,0.0,0.0,0.0,0.0,26712.0,45949.0,7.0
83,"Cambria County, Pennsylvania",0.0,1.0,0.0,0.0,4.0,2.0,0.0,0.0,0.0,0.0,0.0,0.0,0.0,56023.0,46598.0,7.0
84,"Shelby County, Tennessee",2.0,1.0,0.0,0.0,0.0,0.0,0.0,0.0,0.0,0.0,0.0,0.0,0.0,347221.0,49647.0,3.0
85,"Washington County, Minnesota",10.0,1.0,0.0,0.0,0.0,1.0,0.0,0.0,0.0,0.0,0.0,0.0,0.0,92337.0,91866.0,12.0
86,"Lycoming County, Pennsylvania",0.0,1.0,1.0,0.0,1.0,0.0,0.0,0.0,0.0,0.0,0.0,0.0,0.0,46122.0,50909.0,3.0
87,"Winnebago County, Wisconsin",0.0,1.0,0.0,0.0,0.0,0.0,0.0,0.0,0.0,0.0,0.0,0.0,0.0,70008.0,56678.0,1.0
88,"Linn County, Iowa",0.0,2.0,9.0,0.0,1.0,1.0,0.0,0.0,0.0,0.0,0.0,1.0,0.0,89183.0,63149.0,14.0
89,"Dubuque County, Iowa",1.0,0.0,4.0,0.0,0.0,0.0,0.0,0.0,0.0,0.0,0.0,0.0,0.0,37785.0,61497.0,5.0
90,"Union County, New Jersey",9.0,4.0,1.0,0.0,0.0,0.0,0.0,0.0,1.0,0.0,0.0,0.0,0.0,190138.0,77326.0,15.0
91,"Stanislaus County, California",4.0,4.0,1.0,6.0,0.0,0.0,1.0,0.0,0.0,0.0,0.0,0.0,0.0,173573.0,59514.0,16.0
92,"Tulare County, California",25.0,2.0,0.0,7.0,0.0,0.0,1.0,0.0,0.0,0.0,0.0,0.0,0.0,137576.0,46266.0,35.0
93,"Howard County, Maryland",1.0,0.0,0.0,0.0,0.0,0.0,0.0,0.0,0.0,0.0,0.0,0.0,0.0,115289.0,111473.0,1.0
94,"Placer County, California",1.0,2.0,1.0,14.0,0.0,0.0,0.0,0.0,0.0,0.0,0.0,0.0,0.0,143659.0,80728.0,18.0
95,"San Joaquin County, California",5.0,8.0,0.0,1.0,2.0,0.0,1.0,0.0,1.0,0.0,0.0,0.0,0.0,226624.0,61164.0,18.0
96,"Seminole County, Florida",2.0,0.0,0.0,0.0,0.0,0.0,0.0,0.0,0.0,0.0,0.0,0.0,0.0,176017.0,64049.0,2.0
97,"Canyon County, Idaho",0.0,1.0,0.0,1.0,0.0,0.0,0.0,0.0,0.0,0.0,0.0,0.0,0.0,72684.0,47324.0,2.0
98,"Twin Falls County, Idaho",1.0,0.0,0.0,9.0,12.0,1.0,2.0,0.0,0.0,0.0,0.0,0.0,0.0,30845.0,51589.0,25.0
99,"Baltimore County, Maryland",8.0,1.0,0.0,0.0,0.0,0.0,1.0,0.0,0.0,0.0,0.0,0.0,0.0,317106.0,73805.0,10.0
100,"Butte County, California",3.0,2.0,0.0,15.0,0.0,0.0,0.0,0.0,0.0,0.0,0.0,0.0,0.0,88797.0,49061.0,20.0
101,"Dallas County, Texas",0.0,2.0,1.0,0.0,0.0,0.0,0.0,0.0,0.0,0.0,0.0,0.0,0.0,929078.0,56718.0,3.0
102,"Kent County, Delaware",4.0,4.0,1.0,0.0,0.0,0.0,0.0,0.0,0.0,0.0,0.0,0.0,0.0,63807.0,57608.0,9.0
103,"Sussex County, Delaware",4.0,0.0,0.0,0.0,1.0,1.0,0.0,0.0,0.0,0.0,0.0,0.0,0.0,88029.0,61985.0,6.0
104,"Rock County, Wisconsin",1.0,4.0,1.0,0.0,0.0,0.0,0.0,0.0,0.0,0.0,0.0,0.0,0.0,64878.0,55304.0,6.0
105,"Cole County, Missouri",0.0,0.0,2.0,0.0,0.0,0.0,0.0,0.0,0.0,0.0,0.0,0.0,0.0,29726.0,52609.0,2.0
106,"Contra Costa County, California",7.0,12.0,0.0,0.0,2.0,0.0,0.0,0.0,1.0,0.0,1.0,0.0,1.0,392046.0,95339.0,24.0
107,"San Mateo County, California",0.0,2.0,0.0,0.0,0.0,0.0,1.0,0.0,0.0,0.0,0.0,0.0,0.0,264185.0,116653.0,3.0
108,"Santa Cruz County, California",0.0,1.0,0.0,0.0,0.0,0.0,0.0,0.0,0.0,0.0,0.0,0.0,0.0,95940.0,79705.0,1.0
109,"Stafford County, Virginia",0.0,0.0,0.0,0.0,0.0,0.0,0.0,0.0,0.0,0.0,0.0,0.0,0.0,47474.0,112795.0,0.0
110,"Napa County, California",2.0,2.0,0.0,0.0,0.0,0.0,0.0,0.0,0.0,0.0,0.0,0.0,0.0,47848.0,86562.0,4.0
111,"Story County, Iowa",0.0,1.0,3.0,0.0,8.0,1.0,0.0,0.0,0.0,0.0,0.0,0.0,0.0,37689.0,60351.0,13.0
112,"Rutherford County, North Carolina",8.0,0.0,1.0,1.0,0.0,0.0,0.0,0.0,0.0,0.0,0.0,0.0,0.0,26408.0,40570.0,10.0
113,"Hampshire County, Massachusetts",17.0,2.0,0.0,0.0,0.0,0.0,0.0,0.0,0.0,0.0,0.0,0.0,0.0,57848.0,67989.0,19.0
114,"Hillsborough County, New Hampshire",0.0,0.0,1.0,5.0,1.0,0.0,0.0,0.0,0.0,0.0,0.0,0.0,0.0,161414.0,78769.0,7.0
115,"Pasco County, Florida",0.0,2.0,0.0,0.0,0.0,0.0,0.0,0.0,0.0,0.0,0.0,0.0,0.0,207993.0,51347.0,2.0
116,"Madison County, Indiana",4.0,2.0,0.0,0.0,1.0,0.0,0.0,0.0,0.0,0.0,0.0,0.0,0.0,50751.0,43060.0,7.0
117,"Polk County, Iowa",0.0,4.0,1.0,0.0,0.0,1.0,1.0,0.0,0.0,0.0,0.0,0.0,0.0,186777.0,65995.0,7.0
118,"Anderson County, South Carolina",2.0,2.0,0.0,2.0,0.0,0.0,0.0,0.0,0.0,0.0,0.0,0.0,0.0,76727.0,48593.0,6.0
119,"Chaves County, New Mexico",4.0,0.0,0.0,0.0,3.0,0.0,0.0,0.0,0.0,0.0,0.0,0.0,0.0,23002.0,44899.0,7.0
120,"Craven County, North Carolina",6.0,0.0,0.0,0.0,0.0,0.0,1.0,0.0,0.0,0.0,0.0,0.0,0.0,39866.0,51789.0,7.0
121,"Androscoggin County, Maine",0.0,0.0,0.0,11.0,0.0,0.0,0.0,0.0,0.0,0.0,0.0,0.0,0.0,45979.0,48286.0,11.0
122,"Catawba County, North Carolina",12.0,0.0,1.0,1.0,0.0,1.0,0.0,0.0,0.0,0.0,0.0,0.0,0.0,61828.0,53539.0,15.0
123,"Harnett County, North Carolina",8.0,0.0,0.0,0.0,0.0,0.0,0.0,0.0,0.0,0.0,0.0,0.0,0.0,46661.0,51479.0,8.0
124,"Minnehaha County, South Dakota",0.0,1.0,0.0,0.0,0.0,0.0,0.0,0.0,0.0,0.0,0.0,0.0,0.0,77045.0,61083.0,1.0
125,"Onondaga County, New York",4.0,2.0,0.0,1.0,0.0,0.0,0.0,1.0,0.0,0.0,0.0,0.0,0.0,185709.0,57652.0,8.0
126,"San Juan County, New Mexico",0.0,2.0,0.0,1.0,0.0,2.0,0.0,0.0,0.0,0.0,0.0,0.0,0.0,41071.0,45942.0,5.0
127,"Wright County, Minnesota",16.0,0.0,2.0,0.0,0.0,0.0,0.0,0.0,0.0,0.0,0.0,1.0,0.0,47868.0,79931.0,19.0
128,"Anne Arundel County, Maryland",2.0,0.0,0.0,0.0,0.0,2.0,0.0,0.0,0.0,0.0,0.0,0.0,0.0,207950.0,97085.0,4.0
129,"Anoka County, Minnesota",1.0,0.0,0.0,0.0,0.0,0.0,0.0,1.0,0.0,0.0,0.0,0.0,0.0,127305.0,79169.0,2.0
130,"Lucas County, Ohio",2.0,2.0,0.0,0.0,0.0,0.0,0.0,0.0,0.0,0.0,2.0,0.0,0.0,178672.0,47308.0,6.0
131,"Cochise County, Arizona",5.0,1.0,1.0,0.0,0.0,0.0,0.0,0.0,0.0,0.0,0.0,0.0,0.0,48939.0,51816.0,7.0
132,"Clark County, Nevada",28.0,13.0,0.0,2.0,0.0,0.0,0.0,0.0,1.0,0.0,0.0,0.0,0.0,781796.0,57189.0,44.0
133,"Outagamie County, Wisconsin",0.0,4.0,0.0,7.0,0.0,0.0,1.0,0.0,0.0,0.0,0.0,0.0,0.0,74033.0,65564.0,12.0
134,"Chester County, Pennsylvania",4.0,0.0,0.0,0.0,0.0,0.0,0.0,0.0,0.0,0.0,0.0,0.0,0.0,189506.0,96656.0,4.0
135,"Arapahoe County, Colorado",7.0,1.0,0.0,1.0,0.0,0.0,0.0,0.0,0.0,0.0,0.0,0.0,0.0,240774.0,75357.0,9.0
136,"Surry County, North Carolina",2.0,0.0,0.0,0.0,0.0,0.0,0.0,0.0,0.0,0.0,0.0,0.0,0.0,29415.0,42438.0,2.0
137,"Chatham County, North Carolina",7.0,0.0,0.0,2.0,0.0,0.0,0.0,0.0,0.0,0.0,0.0,0.0,0.0,28929.0,57770.0,9.0
138,"Porter County, Indiana",2.0,3.0,0.0,0.0,0.0,0.0,0.0,0.0,0.0,0.0,0.0,0.0,0.0,64722.0,65747.0,5.0
139,"Lake County, Indiana",4.0,6.0,0.0,0.0,0.0,0.0,0.0,0.0,1.0,0.0,0.0,0.0,0.0,184206.0,54981.0,11.0
140,"Trumbull County, Ohio",1.0,2.0,1.0,0.0,0.0,0.0,0.0,0.0,0.0,0.0,0.0,0.0,0.0,86886.0,46201.0,4.0
141,"Cuyahoga County, Ohio",2.0,3.0,2.0,0.0,2.0,0.0,1.0,0.0,0.0,0.0,0.0,0.0,0.0,544208.0,46784.0,10.0
142,"Lackawanna County, Pennsylvania",0.0,2.0,0.0,0.0,0.0,0.0,0.0,0.0,0.0,0.0,0.0,0.0,0.0,86213.0,49172.0,2.0
143,"Macon County, Illinois",0.0,0.0,1.0,0.0,1.0,2.0,0.0,0.0,0.0,0.0,0.0,0.0,0.0,42977.0,51970.0,4.0
144,"Lancaster County, Nebraska",1.0,4.0,0.0,0.0,1.0,2.0,0.0,0.0,0.0,0.0,0.0,0.0,0.0,122954.0,59306.0,8.0
145,"Blue Earth County, Minnesota",10.0,1.0,2.0,1.0,0.0,1.0,0.0,0.0,0.0,0.0,0.0,0.0,0.0,26098.0,56716.0,15.0
146,"Peoria County, Illinois",0.0,1.0,0.0,0.0,0.0,1.0,0.0,0.0,0.0,0.0,0.0,0.0,0.0,71371.0,53843.0,2.0
147,"DuPage County, Illinois",0.0,5.0,0.0,0.0,0.0,0.0,0.0,1.0,0.0,0.0,0.0,0.0,0.0,341845.0,89521.0,6.0
148,"Chautauqua County, New York",1.0,1.0,0.0,0.0,1.0,1.0,0.0,0.0,0.0,0.0,0.0,0.0,0.0,51985.0,46079.0,4.0
149,"Tarrant County, Texas",1.0,2.0,0.0,1.0,0.0,0.0,0.0,0.0,0.0,0.0,0.0,0.0,0.0,703106.0,65052.0,4.0
150,"Caddo Parish, Louisiana",0.0,3.0,0.0,0.0,0.0,0.0,0.0,0.0,0.0,0.0,0.0,0.0,0.0,95793.0,36165.0,3.0
151,"Bexar County, Texas",10.0,4.0,0.0,0.0,0.0,2.0,0.0,1.0,0.0,0.0,0.0,0.0,0.0,633422.0,54175.0,17.0
152,"Leon County, Florida",1.0,2.0,0.0,0.0,0.0,0.0,0.0,0.0,0.0,0.0,0.0,0.0,0.0,115193.0,51642.0,3.0
153,"Jasper County, Missouri",0.0,3.0,0.0,0.0,0.0,1.0,0.0,0.0,0.0,0.0,0.0,0.0,0.0,46784.0,47981.0,4.0
154,"Brazoria County, Texas",0.0,8.0,0.0,0.0,0.0,0.0,0.0,0.0,0.0,0.0,0.0,0.0,0.0,119770.0,82229.0,8.0
155,"Buncombe County, North Carolina",2.0,1.0,0.0,2.0,0.0,0.0,0.0,0.0,0.0,0.0,0.0,0.0,0.0,107752.0,50040.0,5.0
156,"Ulster County, New York",3.0,0.0,0.0,4.0,0.0,0.0,0.0,0.0,0.0,0.0,0.0,0.0,0.0,68822.0,63621.0,7.0
157,"Ashtabula County, Ohio",0.0,1.0,0.0,0.0,0.0,0.0,0.0,0.0,0.0,0.0,0.0,0.0,0.0,36704.0,44173.0,1.0
158,"Randall County, Texas",0.0,0.0,0.0,0.0,2.0,0.0,0.0,0.0,0.0,0.0,0.0,0.0,0.0,48941.0,62098.0,2.0
159,"Cumberland County, New Jersey",13.0,5.0,1.0,0.0,0.0,0.0,0.0,0.0,0.0,0.0,0.0,0.0,0.0,50696.0,52627.0,19.0
160,"Cayuga County, New York",2.0,1.0,0.0,1.0,0.0,0.0,0.0,0.0,0.0,0.0,0.0,0.0,0.0,30870.0,56599.0,4.0
161,"Butler County, Kansas",1.0,3.0,0.0,0.0,1.0,0.0,0.0,0.0,0.0,0.0,0.0,0.0,0.0,24385.0,64149.0,5.0
162,"Sussex County, New Jersey",6.0,0.0,0.0,0.0,0.0,0.0,0.0,0.0,0.0,0.0,0.0,0.0,0.0,53396.0,90026.0,6.0
163,"Pitt County, North Carolina",8.0,0.0,1.0,0.0,0.0,0.0,0.0,0.0,0.0,0.0,0.0,0.0,0.0,68505.0,45849.0,9.0
164,"Travis County, Texas",2.0,5.0,0.0,2.0,0.0,0.0,0.0,2.0,0.0,0.0,0.0,0.0,0.0,462632.0,72884.0,11.0
165,"Gaston County, North Carolina",4.0,0.0,5.0,2.0,0.0,1.0,0.0,0.0,0.0,0.0,0.0,0.0,0.0,84200.0,49670.0,12.0
166,"Ottawa County, Michigan",1.0,6.0,1.0,0.0,0.0,2.0,1.0,0.0,0.0,0.0,0.0,0.0,0.0,104281.0,68543.0,11.0
167,"Maui County, Hawaii",3.0,0.0,5.0,2.0,3.0,0.0,0.0,0.0,0.0,0.0,0.0,0.0,0.0,53560.0,80241.0,13.0
168,"Rockingham County, North Carolina",5.0,2.0,0.0,1.0,0.0,0.0,0.0,0.0,0.0,0.0,0.0,0.0,0.0,36175.0,48196.0,8.0
169,"Kings County, California",22.0,2.0,0.0,0.0,0.0,0.0,3.0,0.0,0.0,0.0,0.0,0.0,0.0,43029.0,57555.0,27.0
170,"Lorain County, Ohio",1.0,2.0,1.0,0.0,0.0,1.0,0.0,0.0,0.0,0.0,0.0,0.0,0.0,120394.0,54932.0,5.0
171,"Highlands County, Florida",1.0,0.0,1.0,0.0,0.0,0.0,0.0,0.0,0.0,0.0,0.0,0.0,0.0,42948.0,35543.0,2.0
172,"Franklin County, Massachusetts",12.0,1.0,0.0,9.0,0.0,0.0,0.0,0.0,0.0,0.0,0.0,0.0,0.0,29239.0,58824.0,22.0
173,"Essex County, Massachusetts",13.0,5.0,1.0,1.0,3.0,0.0,0.0,0.0,0.0,0.0,0.0,0.0,0.0,294092.0,75480.0,23.0
174,"Hennepin County, Minnesota",3.0,3.0,0.0,2.0,0.0,0.0,0.0,0.0,0.0,0.0,0.0,0.0,0.0,507728.0,74592.0,8.0
175,"Union County, North Carolina",5.0,1.0,1.0,0.0,0.0,0.0,0.0,0.0,0.0,0.0,0.0,0.0,0.0,75366.0,77691.0,7.0
176,"Camden County, New Jersey",9.0,1.0,0.0,0.0,0.0,0.0,0.0,0.0,0.0,0.0,0.0,0.0,0.0,190616.0,66196.0,10.0
177,"Wyandotte County, Kansas",1.0,1.0,1.0,0.0,0.0,1.0,0.0,0.0,0.0,0.0,0.0,0.0,0.0,60737.0,46310.0,4.0
178,"Utah County, Utah",0.0,6.0,0.0,2.0,1.0,0.0,0.0,0.0,0.0,0.0,0.0,0.0,0.0,164698.0,70417.0,9.0
179,"Charlotte County, Florida",1.0,0.0,0.0,0.0,0.0,0.0,0.0,0.0,0.0,0.0,0.0,0.0,0.0,76056.0,52070.0,1.0
180,"Galveston County, Texas",0.0,4.0,0.0,0.0,0.0,0.0,0.0,0.0,0.0,0.0,0.0,0.0,1.0,121423.0,70494.0,5.0
181,"Oconee County, South Carolina",0.0,0.0,2.0,1.0,0.0,0.0,0.0,0.0,0.0,0.0,0.0,1.0,0.0,32189.0,50192.0,4.0
182,"Onslow County, North Carolina",3.0,0.0,0.0,0.0,0.0,0.0,0.0,0.0,0.0,0.0,0.0,0.0,0.0,62941.0,49883.0,3.0
183,"Sullivan County, New York",6.0,0.0,0.0,6.0,0.0,0.0,0.0,0.0,0.0,0.0,0.0,0.0,0.0,25916.0,55309.0,12.0
184,"Nash County, North Carolina",22.0,0.0,0.0,1.0,0.0,0.0,0.0,0.0,0.0,0.0,0.0,0.0,0.0,36248.0,47289.0,23.0
185,"Alamance County, North Carolina",7.0,0.0,0.0,1.0,0.0,0.0,0.0,0.0,0.0,0.0,0.0,0.0,0.0,64371.0,45150.0,8.0
186,"Humboldt County, California",0.0,1.0,0.0,1.0,0.0,0.0,0.0,0.0,0.0,0.0,0.0,0.0,0.0,53446.0,46494.0,2.0
187,"Frederick County, Maryland",6.0,0.0,0.0,0.0,0.0,0.0,0.0,0.0,0.0,0.0,0.0,0.0,0.0,92329.0,92495.0,6.0
188,"Clackamas County, Oregon",5.0,0.0,0.0,8.0,0.0,0.0,0.0,0.0,0.0,0.0,0.0,0.0,0.0,157257.0,79878.0,13.0
189,"Douglas County, Kansas",0.0,0.0,2.0,1.0,0.0,1.0,0.0,0.0,0.0,0.0,0.0,0.0,0.0,47643.0,55646.0,4.0
190,"Burleigh County, North Dakota",0.0,0.0,0.0,0.0,3.0,0.0,0.0,0.0,0.0,0.0,0.0,0.0,0.0,39251.0,69193.0,3.0
191,"Yamhill County, Oregon",5.0,0.0,0.0,0.0,0.0,0.0,0.0,0.0,0.0,0.0,0.0,0.0,0.0,37629.0,64104.0,5.0
192,"Hillsborough County, Florida",5.0,1.0,0.0,0.0,0.0,1.0,1.0,0.0,1.0,0.0,0.0,0.0,0.0,521609.0,54731.0,9.0
193,"Tuscaloosa County, Alabama",0.0,0.0,0.0,2.0,0.0,0.0,0.0,0.0,0.0,0.0,0.0,0.0,0.0,72243.0,52313.0,2.0
194,"Bannock County, Idaho",0.0,0.0,0.0,1.0,0.0,0.0,0.0,0.0,0.0,0.0,0.0,0.0,0.0,31384.0,51612.0,1.0
195,"York County, Maine",0.0,0.0,0.0,7.0,0.0,0.0,0.0,0.0,0.0,0.0,0.0,0.0,0.0,82970.0,66391.0,7.0
196,"Ada County, Idaho",2.0,0.0,0.0,5.0,0.0,0.0,0.0,0.0,0.0,0.0,0.0,0.0,0.0,171009.0,60858.0,7.0
197,"Brevard County, Florida",2.0,4.0,0.0,0.0,0.0,0.0,0.0,0.0,0.0,0.0,0.0,0.0,0.0,228385.0,52540.0,6.0
198,"Oneida County, New York",8.0,2.0,0.0,4.0,0.0,0.0,0.0,0.0,0.0,0.0,0.0,0.0,0.0,88790.0,53902.0,14.0
199,"Nueces County, Texas",0.0,6.0,0.0,0.0,3.0,0.0,0.0,0.0,0.0,0.0,1.0,0.0,0.0,128490.0,52482.0,10.0
200,"Barnstable County, Massachusetts",10.0,0.0,1.0,0.0,3.0,0.0,0.0,0.0,0.0,0.0,0.0,0.0,0.0,92148.0,71235.0,14.0
201,"Mobile County, Alabama",0.0,6.0,0.0,0.0,0.0,0.0,0.0,0.0,0.0,0.0,0.0,0.0,0.0,154683.0,46023.0,6.0
202,"Lee County, Alabama",0.0,2.0,0.0,2.0,0.0,0.0,0.0,0.0,0.0,0.0,0.0,0.0,0.0,58555.0,52943.0,4.0
203,"Polk County, Florida",10.0,10.0,1.0,0.0,0.0,0.0,0.0,0.0,3.0,0.0,0.0,0.0,0.0,233058.0,48475.0,24.0
204,"Bastrop County, Texas",0.0,3.0,0.0,0.0,0.0,0.0,0.0,0.0,0.0,0.0,0.0,0.0,0.0,24249.0,72107.0,3.0
205,"Delaware County, Ohio",0.0,0.0,0.0,1.0,0.0,0.0,0.0,1.0,0.0,0.0,0.0,0.0,0.0,70224.0,106933.0,2.0
206,"Calhoun County, Michigan",0.0,3.0,0.0,0.0,0.0,0.0,0.0,0.0,0.0,0.0,0.0,0.0,0.0,54556.0,45386.0,3.0
207,"Boone County, Kentucky",0.0,0.0,0.0,0.0,0.0,1.0,0.0,0.0,0.0,0.0,0.0,0.0,0.0,46388.0,78415.0,1.0
208,"Bay County, Florida",0.0,1.0,0.0,0.0,0.0,0.0,0.0,0.0,0.0,0.0,0.0,0.0,0.0,70600.0,52415.0,1.0
209,"Pinellas County, Florida",1.0,1.0,1.0,0.0,0.0,0.0,0.0,0.0,0.0,0.0,0.0,0.0,0.0,405807.0,51512.0,3.0
210,"Harris County, Texas",0.0,25.0,0.0,0.0,0.0,0.0,0.0,0.0,2.0,0.0,1.0,0.0,0.0,1586849.0,58645.0,28.0
211,"Ocean County, New Jersey",6.0,3.0,2.0,0.0,0.0,0.0,0.0,1.0,0.0,0.0,0.0,0.0,0.0,225847.0,71081.0,12.0
212,"Shasta County, California",1.0,1.0,0.0,31.0,1.0,0.0,0.0,0.0,0.0,0.0,0.0,0.0,0.0,71968.0,52439.0,34.0
213,"Deschutes County, Oregon",4.0,0.0,0.0,3.0,0.0,0.0,0.0,0.0,0.0,0.0,0.0,0.0,0.0,74498.0,66273.0,7.0
214,"San Diego County, California",13.0,24.0,1.0,5.0,1.0,0.0,4.0,7.0,0.0,0.0,0.0,0.0,0.0,1126419.0,76207.0,55.0
215,"Wayne County, Michigan",3.0,5.0,2.0,1.0,0.0,2.0,0.0,0.0,0.0,0.0,0.0,0.0,0.0,683986.0,45135.0,13.0
216,"Beaver County, Pennsylvania",1.0,0.0,0.0,2.0,0.0,0.0,0.0,0.0,0.0,0.0,0.0,1.0,0.0,71005.0,54923.0,4.0
217,"Bedford County, Virginia",1.0,0.0,1.0,0.0,0.0,0.0,0.0,0.0,0.0,0.0,0.0,0.0,0.0,31088.0,66327.0,2.0
218,"Jefferson County, New York",3.0,1.0,0.0,15.0,0.0,0.0,0.0,0.0,0.0,0.0,0.0,0.0,0.0,41548.0,47101.0,19.0
219,"Will County, Illinois",2.0,8.0,0.0,1.0,0.0,1.0,0.0,1.0,0.0,0.0,0.0,1.0,0.0,228366.0,82196.0,14.0
220,"Horry County, South Carolina",2.0,0.0,1.0,0.0,0.0,0.0,0.0,0.0,0.0,0.0,0.0,0.0,0.0,128499.0,45680.0,3.0
221,"Marion County, Indiana",18.0,2.0,1.0,0.0,0.0,0.0,0.0,0.0,0.0,0.0,0.0,0.0,0.0,369122.0,47344.0,21.0
222,"Pennington County, South Dakota",0.0,2.0,0.0,0.0,0.0,0.0,0.0,0.0,0.0,0.0,0.0,0.0,0.0,43536.0,54836.0,2.0
223,"Oswego County, New York",3.0,2.0,1.0,9.0,0.0,0.0,0.0,1.0,0.0,0.0,0.0,2.0,0.0,45971.0,53406.0,18.0
224,"Kennebec County, Maine",1.0,0.0,0.0,7.0,0.0,0.0,0.0,0.0,0.0,0.0,0.0,0.0,0.0,49616.0,53073.0,8.0
225,"Carver County, Minnesota",13.0,1.0,1.0,0.0,0.0,0.0,0.0,0.0,0.0,0.0,0.0,0.0,0.0,35721.0,101271.0,15.0
226,"Bergen County, New Jersey",3.0,2.0,1.0,0.0,0.0,0.0,0.0,0.0,0.0,0.0,0.0,0.0,0.0,338516.0,94107.0,6.0
227,"Berkeley County, South Carolina",0.0,0.0,0.0,3.0,0.0,2.0,0.0,0.0,0.0,0.0,0.0,0.0,0.0,75948.0,57147.0,5.0
228,"Berkshire County, Massachusetts",17.0,1.0,3.0,2.0,4.0,0.0,0.0,0.0,0.0,0.0,0.0,0.0,0.0,54193.0,57054.0,27.0
229,"Somerset County, New Jersey",14.0,3.0,0.0,0.0,0.0,0.0,0.0,0.0,0.0,0.0,0.0,0.0,0.0,114812.0,112153.0,17.0
230,"Caldwell County, North Carolina",1.0,0.0,1.0,1.0,0.0,0.0,0.0,0.0,0.0,0.0,0.0,0.0,0.0,32245.0,45033.0,3.0
231,"Berrien County, Michigan",1.0,0.0,0.0,3.0,0.0,0.0,0.0,0.0,0.0,0.0,0.0,1.0,0.0,64166.0,48629.0,5.0
232,"Warren County, New Jersey",9.0,1.0,1.0,1.0,0.0,0.0,0.0,1.0,0.0,0.0,0.0,0.0,0.0,41366.0,80657.0,13.0
233,"Northampton County, Pennsylvania",1.0,3.0,0.0,0.0,0.0,1.0,0.0,0.0,0.0,0.0,0.0,0.0,0.0,113945.0,66066.0,5.0
234,"Nassau County, New York",1.0,8.0,4.0,0.0,0.0,0.0,0.0,0.0,0.0,0.0,0.0,0.0,0.0,446978.0,108133.0,13.0
235,"Montgomery County, Tennessee",0.0,0.0,0.0,0.0,0.0,0.0,0.0,0.0,0.0,0.0,0.0,0.0,0.0,73690.0,58381.0,0.0
236,"Bibb County, Georgia",1.0,0.0,1.0,0.0,0.0,0.0,0.0,0.0,0.0,0.0,0.0,0.0,0.0,56272.0,37444.0,2.0
237,"Marion County, Oregon",7.0,0.0,0.0,2.0,0.0,0.0,0.0,1.0,0.0,0.0,0.0,0.0,0.0,115718.0,56354.0,10.0
238,"Flathead County, Montana",0.0,0.0,0.0,2.0,0.0,0.0,0.0,0.0,0.0,0.0,0.0,0.0,0.0,37236.0,59735.0,2.0
239,"Sherburne County, Minnesota",16.0,1.0,1.0,0.0,0.0,1.0,0.0,0.0,0.0,0.0,0.0,0.0,0.0,31869.0,87756.0,19.0
240,"Larimer County, Colorado",4.0,1.0,0.0,6.0,0.0,0.0,0.0,0.0,0.0,0.0,0.0,0.0,0.0,134709.0,69102.0,11.0
241,"Broome County, New York",2.0,1.0,0.0,0.0,0.0,0.0,0.0,0.0,0.0,0.0,0.0,0.0,0.0,78604.0,47758.0,3.0
242,"Jackson County, Oregon",1.0,0.0,0.0,7.0,0.0,0.0,0.0,0.0,0.0,0.0,0.0,0.0,0.0,89701.0,51409.0,8.0
243,"Berks County, Pennsylvania",2.0,2.0,1.0,0.0,0.0,0.0,0.0,0.0,0.0,0.0,0.0,0.0,0.0,155154.0,61058.0,5.0
244,"Wood County, Wisconsin",0.0,2.0,0.0,3.0,0.0,1.0,1.0,0.0,0.0,0.0,0.0,0.0,1.0,32478.0,52110.0,8.0
245,"King County, Washington",0.0,0.0,1.0,9.0,0.0,0.0,1.0,0.0,0.0,0.0,0.0,0.0,0.0,876639.0,89675.0,11.0
246,"Dakota County, Minnesota",15.0,2.0,5.0,2.0,1.0,0.0,0.0,0.0,0.0,0.0,0.0,0.0,0.0,160590.0,80832.0,25.0
247,"Cascade County, Montana",1.0,0.0,0.0,5.0,1.0,0.0,0.0,0.0,0.0,0.0,0.0,0.0,0.0,33346.0,47713.0,7.0
248,"Mohave County, Arizona",6.0,3.0,0.0,1.0,1.0,0.0,0.0,0.0,0.0,0.0,0.0,0.0,0.0,87565.0,42311.0,11.0
249,"LaSalle County, Illinois",1.0,0.0,1.0,1.0,2.0,0.0,0.0,1.0,0.0,0.0,0.0,1.0,0.0,44625.0,56896.0,7.0
250,"Providence County, Rhode Island",9.0,7.0,0.0,2.0,8.0,0.0,1.0,0.0,0.0,0.0,0.0,0.0,0.0,237197.0,56672.0,27.0
251,"Florence County, South Carolina",7.0,0.0,0.0,0.0,0.0,0.0,0.0,0.0,0.0,0.0,0.0,0.0,0.0,51675.0,42929.0,7.0
252,"Garland County, Arkansas",0.0,0.0,0.0,2.0,0.0,0.0,0.0,0.0,0.0,0.0,0.0,0.0,0.0,38594.0,46101.0,2.0
253,"Washington County, Utah",1.0,3.0,2.0,1.0,0.0,0.0,0.0,0.0,1.0,0.0,0.0,0.0,0.0,56139.0,54842.0,8.0
254,"Dane County, Wisconsin",0.0,7.0,3.0,0.0,1.0,0.0,2.0,0.0,0.0,0.0,0.0,0.0,0.0,223031.0,72268.0,13.0
255,"Comanche County, Oklahoma",0.0,1.0,0.0,0.0,2.0,0.0,0.0,0.0,0.0,0.0,0.0,0.0,0.0,43901.0,51059.0,3.0
256,"Indian River County, Florida",2.0,1.0,0.0,0.0,0.0,0.0,0.0,0.0,0.0,0.0,0.0,0.0,0.0,58044.0,49177.0,3.0
257,"Scott County, Minnesota",6.0,2.0,0.0,0.0,0.0,0.0,0.0,0.0,0.0,0.0,0.0,0.0,0.0,50018.0,98538.0,8.0
258,"Franklin County, Pennsylvania",1.0,3.0,0.0,0.0,0.0,0.0,0.0,0.0,0.0,0.0,0.0,0.0,0.0,60979.0,60459.0,4.0
259,"El Dorado County, California",1.0,1.0,0.0,10.0,0.0,0.0,0.0,0.0,0.0,0.0,0.0,0.0,0.0,69368.0,79414.0,12.0
260,"Fond du Lac County, Wisconsin",0.0,1.0,0.0,0.0,2.0,0.0,0.0,0.0,0.0,0.0,0.0,0.0,0.0,42449.0,61417.0,3.0
261,"Jackson County, Missouri",2.0,4.0,3.0,0.0,0.0,1.0,0.0,1.0,0.0,0.0,0.0,0.0,0.0,285887.0,52552.0,11.0
262,"Prince George's County, Maryland",8.0,5.0,0.0,0.0,0.0,0.0,0.0,0.0,0.0,0.0,0.0,0.0,0.0,310730.0,81240.0,13.0
263,"Oldham County, Kentucky",0.0,1.0,0.0,0.0,0.0,0.0,0.0,0.0,0.0,0.0,0.0,0.0,0.0,20840.0,96576.0,1.0
264,"Klamath County, Oregon",10.0,2.0,0.0,4.0,0.0,0.0,0.0,0.0,0.0,0.0,0.0,0.0,0.0,27616.0,38916.0,16.0
265,"Multnomah County, Oregon",1.0,0.0,0.0,2.0,0.0,0.0,0.0,0.0,0.0,0.0,0.0,0.0,0.0,325039.0,63974.0,3.0
266,"Pinal County, Arizona",8.0,5.0,0.0,0.0,0.0,0.0,0.0,0.0,0.0,0.0,0.0,0.0,0.0,139097.0,52788.0,13.0
267,"Payne County, Oklahoma",0.0,1.0,3.0,0.0,0.0,0.0,0.0,0.0,0.0,0.0,0.0,0.0,0.0,30009.0,36914.0,4.0
268,"Washington County, Tennessee",1.0,0.0,1.0,1.0,0.0,0.0,0.0,0.0,0.0,0.0,0.0,0.0,0.0,53071.0,40697.0,3.0
269,"Suffolk County, Massachusetts",2.0,4.0,2.0,0.0,1.0,0.0,0.0,0.0,0.0,0.0,0.0,0.0,0.0,308889.0,66459.0,9.0
270,"Lake County, California",0.0,0.0,0.0,2.0,0.0,0.0,0.0,0.0,0.0,4.0,0.0,0.0,0.0,27399.0,48930.0,6.0
271,"Boulder County, Colorado",3.0,3.0,0.0,5.0,0.0,0.0,0.0,0.0,0.0,0.0,0.0,0.0,0.0,128497.0,80834.0,11.0
272,"Spokane County, Washington",0.0,2.0,0.0,4.0,0.0,0.0,0.0,0.0,0.0,0.0,0.0,0.0,0.0,200949.0,53360.0,6.0
273,"Chatham County, Georgia",1.0,1.0,1.0,0.0,0.0,0.0,2.0,0.0,0.0,0.0,0.0,0.0,0.0,107754.0,55352.0,5.0
274,"Davis County, Utah",1.0,2.0,0.0,0.0,0.0,0.0,0.0,0.0,0.0,0.0,0.0,0.0,0.0,104788.0,80301.0,3.0
275,"Wood County, Ohio",1.0,3.0,0.0,0.0,1.0,0.0,0.0,0.0,0.0,0.0,0.0,0.0,0.0,49805.0,60382.0,5.0
276,"Nevada County, California",0.0,0.0,0.0,10.0,0.0,0.0,0.0,0.0,0.0,0.0,0.0,0.0,0.0,41638.0,65385.0,10.0
277,"Laurens County, South Carolina",0.0,0.0,0.0,2.0,0.0,0.0,0.0,0.0,0.0,0.0,0.0,0.0,0.0,25160.0,40377.0,2.0
278,"Rapides Parish, Louisiana",0.0,1.0,0.0,0.0,0.0,0.0,0.0,0.0,0.0,0.0,1.0,0.0,0.0,48473.0,41646.0,2.0
279,"Lubbock County, Texas",0.0,4.0,0.0,0.0,2.0,0.0,0.0,0.0,0.0,0.0,0.0,0.0,0.0,112290.0,47317.0,6.0
280,"Chesterfield County, Virginia",1.0,1.0,0.0,1.0,0.0,1.0,0.0,0.0,0.0,0.0,0.0,0.0,0.0,124142.0,80800.0,4.0
281,"Chemung County, New York",4.0,0.0,0.0,0.0,0.0,0.0,0.0,0.0,0.0,0.0,0.0,0.0,0.0,32247.0,51194.0,4.0
282,"Genesee County, Michigan",0.0,0.0,0.0,0.0,0.0,0.0,0.0,0.0,0.0,0.0,0.0,0.0,0.0,165719.0,46298.0,0.0
283,"Monmouth County, New Jersey",16.0,0.0,0.0,0.0,0.0,0.0,0.0,0.0,0.0,0.0,0.0,0.0,0.0,235727.0,98270.0,16.0
284,"Gloucester County, New Jersey",8.0,4.0,0.0,0.0,0.0,1.0,0.0,0.0,0.0,0.0,0.0,0.0,0.0,105236.0,86496.0,13.0
285,"Wise County, Texas",0.0,2.0,0.0,0.0,0.0,0.0,0.0,0.0,0.0,0.0,0.0,0.0,0.0,21651.0,58839.0,2.0
286,"Burke County, North Carolina",3.0,0.0,5.0,1.0,0.0,0.0,0.0,0.0,0.0,0.0,0.0,0.0,0.0,33682.0,40274.0,9.0
287,"Grafton County, New Hampshire",0.0,0.0,2.0,4.0,1.0,0.0,0.0,0.0,0.0,0.0,0.0,0.0,0.0,33672.0,64420.0,7.0
288,"McLean County, Illinois",0.0,0.0,1.0,0.0,5.0,0.0,0.0,0.0,0.0,0.0,0.0,0.0,0.0,65146.0,68274.0,6.0
289,"Schuylkill County, Pennsylvania",1.0,0.0,1.0,0.0,2.0,4.0,0.0,0.0,0.0,0.0,0.0,0.0,0.0,57492.0,49559.0,8.0
290,"Fort Bend County, Texas",1.0,2.0,0.0,0.0,0.0,1.0,0.0,0.0,0.0,0.0,0.0,0.0,0.0,235783.0,90845.0,4.0
291,"Warren County, New York",1.0,0.0,0.0,3.0,0.0,0.0,0.0,0.0,0.0,0.0,0.0,0.0,0.0,27595.0,60541.0,4.0
292,"Richland County, Ohio",1.0,1.0,2.0,0.0,0.0,0.0,0.0,0.0,0.0,0.0,0.0,0.0,0.0,48998.0,46032.0,4.0
293,"Limestone County, Alabama",1.0,0.0,0.0,0.0,0.0,0.0,0.0,0.0,0.0,0.0,0.0,1.0,0.0,32816.0,55817.0,2.0
294,"York County, Pennsylvania",1.0,2.0,1.0,1.0,0.0,2.0,0.0,0.0,0.0,0.0,0.0,1.0,0.0,171781.0,63519.0,8.0
295,"Glynn County, Georgia",1.0,0.0,1.0,0.0,0.0,0.0,1.0,0.0,0.0,0.0,0.0,0.0,0.0,34380.0,50998.0,3.0
296,"Cumberland County, Maine",0.0,1.0,2.0,2.0,0.0,0.0,0.0,0.0,0.0,0.0,0.0,0.0,0.0,117844.0,71975.0,5.0
297,"Brazos County, Texas",0.0,3.0,0.0,0.0,0.0,0.0,0.0,0.0,0.0,0.0,0.0,0.0,0.0,79725.0,45155.0,3.0
298,"Rowan County, North Carolina",11.0,2.0,1.0,0.0,0.0,0.0,0.0,0.0,0.0,0.0,0.0,0.0,0.0,52057.0,47396.0,14.0
299,"Taylor County, Texas",0.0,0.0,0.0,0.0,6.0,0.0,0.0,0.0,0.0,0.0,0.0,0.0,0.0,50470.0,51894.0,6.0
300,"Anderson County, Tennessee",0.0,0.0,0.0,1.0,2.0,1.0,0.0,0.0,0.0,0.0,0.0,0.0,0.0,29929.0,48109.0,4.0
301,"Forsyth County, Georgia",0.0,0.0,0.0,1.0,0.0,0.0,0.0,0.0,0.0,0.0,0.0,0.0,0.0,78299.0,102084.0,1.0
302,"Orangeburg County, South Carolina",3.0,4.0,1.0,0.0,0.0,0.0,0.0,0.0,0.0,0.0,0.0,0.0,0.0,31870.0,35947.0,8.0
303,"Ascension Parish, Louisiana",0.0,4.0,0.0,0.0,0.0,0.0,0.0,0.0,0.0,0.0,0.0,0.0,0.0,44319.0,70561.0,4.0
304,"Alachua County, Florida",2.0,3.0,0.0,0.0,0.0,1.0,0.0,0.0,0.0,0.0,0.0,0.0,0.0,97714.0,44676.0,6.0
305,"Dodge County, Wisconsin",0.0,0.0,1.0,0.0,2.0,0.0,0.0,0.0,0.0,0.0,0.0,0.0,0.0,34228.0,56421.0,3.0
306,"Cumberland County, North Carolina",13.0,1.0,0.0,0.0,0.0,0.0,0.0,0.0,0.0,0.0,0.0,0.0,0.0,127702.0,43759.0,14.0
307,"Umatilla County, Oregon",1.0,2.0,0.0,0.0,9.0,0.0,0.0,0.0,0.0,0.0,0.0,0.0,0.0,27525.0,52288.0,12.0
308,"San Luis Obispo County, California",7.0,2.0,0.0,0.0,0.0,0.0,0.0,0.0,0.0,0.0,0.0,1.0,0.0,104544.0,71880.0,10.0
309,"Cumberland County, Pennsylvania",2.0,0.0,3.0,0.0,0.0,0.0,0.0,0.0,0.0,0.0,0.0,0.0,0.0,98242.0,69301.0,5.0
310,"Wake County, North Carolina",7.0,2.0,0.0,0.0,0.0,0.0,0.0,0.0,0.0,0.0,0.0,1.0,0.0,400418.0,77318.0,10.0
311,"Westchester County, New York",2.0,1.0,10.0,0.0,0.0,0.0,0.0,0.0,0.0,0.0,0.0,2.0,0.0,350919.0,90578.0,15.0
312,"Essex County, New Jersey",5.0,6.0,0.0,0.0,0.0,0.0,0.0,1.0,0.0,0.0,0.0,0.0,0.0,284928.0,60430.0,12.0
313,"Imperial County, California",23.0,3.0,1.0,6.0,1.0,0.0,0.0,0.0,0.0,17.0,0.0,0.0,0.0,44478.0,47211.0,51.0
314,"Washington County, Maryland",6.0,0.0,0.0,0.0,0.0,0.0,0.0,1.0,0.0,0.0,0.0,0.0,0.0,56663.0,60385.0,7.0
315,"Cook County, Illinois",1.0,18.0,3.0,0.0,0.0,1.0,0.0,0.0,0.0,0.0,0.0,0.0,0.0,1948373.0,61405.0,23.0
316,"Charles County, Maryland",2.0,1.0,0.0,0.0,0.0,1.0,0.0,0.0,0.0,0.0,0.0,0.0,0.0,56608.0,97986.0,4.0
317,"Kankakee County, Illinois",0.0,1.0,0.0,1.0,1.0,0.0,0.0,0.0,0.0,0.0,0.0,0.0,0.0,39628.0,58539.0,3.0
318,"Broward County, Florida",1.0,2.0,0.0,0.0,0.0,0.0,0.0,0.0,0.0,0.0,0.0,0.0,0.0,685559.0,56842.0,3.0
319,"Ventura County, California",1.0,7.0,0.0,2.0,0.0,0.0,1.0,0.0,0.0,0.0,0.0,0.0,0.0,272085.0,82857.0,11.0
320,"Greene County, Ohio",1.0,0.0,0.0,0.0,0.0,0.0,0.0,0.0,0.0,0.0,0.0,0.0,0.0,64517.0,67923.0,1.0
321,"Blount County, Tennessee",0.0,0.0,0.0,2.0,0.0,0.0,0.0,0.0,0.0,0.0,0.0,0.0,0.0,50793.0,50675.0,2.0
322,"Vermilion County, Illinois",0.0,1.0,0.0,0.0,2.0,0.0,0.0,0.0,0.0,0.0,0.0,0.0,0.0,30241.0,42345.0,3.0
323,"Calvert County, Maryland",0.0,1.0,0.0,0.0,0.0,0.0,0.0,0.0,0.0,0.0,0.0,1.0,0.0,31253.0,100590.0,2.0
324,"Kershaw County, South Carolina",0.0,1.0,0.0,1.0,0.0,0.0,0.0,0.0,0.0,0.0,0.0,0.0,0.0,25712.0,50010.0,2.0
325,"Cameron County, Texas",0.0,1.0,0.0,0.0,2.0,0.0,0.0,0.0,0.0,0.0,0.0,0.0,0.0,123024.0,36975.0,3.0
326,"Johnson County, Indiana",1.0,0.0,1.0,0.0,0.0,0.0,0.0,1.0,0.0,0.0,0.0,0.0,0.0,58648.0,70339.0,3.0
327,"Canadian County, Oklahoma",0.0,1.0,1.0,0.0,2.0,0.0,0.0,0.0,0.0,0.0,0.0,0.0,0.0,44814.0,74720.0,4.0
328,"Osceola County, Florida",1.0,3.0,0.0,0.0,0.0,0.0,0.0,0.0,0.0,0.0,0.0,0.0,0.0,102385.0,49762.0,4.0
329,"Jefferson County, Kentucky",0.0,3.0,0.0,1.0,0.0,1.0,0.0,0.0,0.0,0.0,0.0,0.0,0.0,312747.0,55044.0,5.0
330,"Comal County, Texas",0.0,0.0,0.0,1.0,0.0,0.0,0.0,0.0,0.0,0.0,0.0,0.0,0.0,51662.0,71060.0,1.0
331,"Lewis and Clark County, Montana",2.0,0.0,0.0,3.0,0.0,0.0,0.0,0.0,0.0,0.0,0.0,0.0,0.0,28250.0,60404.0,5.0
332,"Lawrence County, Pennsylvania",0.0,1.0,0.0,0.0,0.0,0.0,0.0,0.0,0.0,0.0,0.0,0.0,0.0,37341.0,49967.0,1.0
333,"Jefferson County, Ohio",0.0,0.0,0.0,0.0,0.0,2.0,0.0,0.0,0.0,0.0,0.0,0.0,0.0,26996.0,43675.0,2.0
334,"Aroostook County, Maine",0.0,0.0,2.0,1.0,2.0,0.0,0.0,0.0,0.0,0.0,0.0,0.0,1.0,28921.0,43015.0,6.0
335,"Rice County, Minnesota",11.0,1.0,2.0,0.0,1.0,0.0,0.0,0.0,0.0,0.0,0.0,0.0,0.0,23130.0,64014.0,15.0
336,"Linn County, Oregon",0.0,0.0,0.0,5.0,0.0,0.0,0.0,0.0,0.0,0.0,0.0,0.0,0.0,47188.0,51541.0,5.0
337,"Somerset County, Pennsylvania",0.0,0.0,0.0,0.0,8.0,0.0,0.0,2.0,0.0,0.0,0.0,0.0,0.0,29405.0,48846.0,10.0
338,"Rensselaer County, New York",2.0,4.0,0.0,4.0,0.0,0.0,0.0,1.0,0.0,0.0,0.0,0.0,0.0,66127.0,64050.0,11.0
339,"Marquette County, Michigan",0.0,2.0,1.0,4.0,0.0,0.0,0.0,0.0,0.0,0.0,0.0,0.0,0.0,25725.0,49008.0,7.0
340,"York County, South Carolina",0.0,0.0,2.0,1.0,0.0,0.0,0.0,0.0,0.0,0.0,0.0,1.0,0.0,100791.0,62217.0,4.0
341,"Tippecanoe County, Indiana",1.0,2.0,2.0,0.0,0.0,0.0,0.0,0.0,0.0,0.0,0.0,0.0,0.0,69502.0,52183.0,5.0
342,"Weber County, Utah",0.0,0.0,0.0,4.0,0.0,0.0,0.0,0.0,0.0,0.0,0.0,0.0,0.0,83503.0,62917.0,4.0
343,"Cecil County, Maryland",3.0,2.0,0.0,0.0,0.0,0.0,0.0,0.0,0.0,0.0,0.0,0.0,0.0,36397.0,74912.0,5.0
344,"Lancaster County, South Carolina",0.0,0.0,0.0,1.0,0.0,0.0,0.0,0.0,0.0,0.0,0.0,0.0,0.0,34262.0,61914.0,1.0
345,"Weld County, Colorado",13.0,5.0,0.0,0.0,2.0,0.0,0.0,1.0,0.0,0.0,0.0,0.0,0.0,104611.0,68884.0,21.0
346,"Black Hawk County, Iowa",1.0,4.0,2.0,0.0,0.0,0.0,0.0,0.0,0.0,0.0,0.0,0.0,0.0,52928.0,49779.0,7.0
347,"Webb County, Texas",1.0,1.0,0.0,0.0,4.0,0.0,0.0,0.0,0.0,0.0,0.0,0.0,0.0,74045.0,43408.0,6.0
348,"Miami-Dade County, Florida",3.0,1.0,0.0,0.0,0.0,0.0,2.0,0.0,0.0,0.0,0.0,1.0,0.0,872495.0,49930.0,7.0
349,"Pickens County, South Carolina",0.0,2.0,0.0,2.0,0.0,0.0,0.0,0.0,0.0,0.0,0.0,0.0,0.0,47824.0,47520.0,4.0
350,"Cache County, Utah",0.0,2.0,0.0,2.0,0.0,0.0,0.0,0.0,0.0,0.0,0.0,0.0,0.0,38453.0,52828.0,4.0
351,"Isabella County, Michigan",0.0,1.0,0.0,0.0,1.0,0.0,0.0,0.0,0.0,0.0,0.0,0.0,0.0,25000.0,44100.0,2.0
352,"Greenville County, South Carolina",0.0,0.0,1.0,3.0,0.0,0.0,0.0,0.0,0.0,0.0,0.0,0.0,0.0,193456.0,55914.0,4.0
353,"Hamilton County, Ohio",1.0,2.0,1.0,0.0,0.0,1.0,0.0,1.0,0.0,0.0,0.0,0.0,0.0,342793.0,55048.0,6.0
354,"Montgomery County, Maryland",4.0,2.0,0.0,0.0,0.0,1.0,0.0,0.0,0.0,0.0,0.0,0.0,0.0,373219.0,103235.0,7.0
355,"Franklin County, North Carolina",11.0,0.0,1.0,0.0,0.0,0.0,0.0,0.0,0.0,0.0,0.0,0.0,0.0,24413.0,54825.0,12.0
356,"Erie County, New York",4.0,2.0,0.0,0.0,3.0,0.0,0.0,0.0,0.0,0.0,0.0,0.0,0.0,386396.0,55604.0,9.0
357,"Salem County, New Jersey",2.0,1.0,0.0,0.0,0.0,1.0,0.0,0.0,0.0,0.0,0.0,2.0,0.0,24801.0,61250.0,6.0
358,"Lexington County, South Carolina",7.0,1.0,0.0,1.0,0.0,0.0,0.0,0.0,0.0,0.0,0.0,0.0,0.0,110228.0,60181.0,9.0
359,"Benton County, Washington",0.0,0.0,0.0,3.0,1.0,0.0,0.0,0.0,0.0,0.0,0.0,1.0,0.0,72265.0,63346.0,5.0
360,"McHenry County, Illinois",0.0,1.0,0.0,0.0,0.0,0.0,0.0,2.0,0.0,0.0,0.0,0.0,0.0,112193.0,86348.0,3.0
361,"Hamilton County, Tennessee",2.0,0.0,0.0,1.0,0.0,0.0,0.0,0.0,0.0,0.0,0.0,1.0,0.0,145071.0,51302.0,4.0
362,"Lewis County, Washington",0.0,1.0,0.0,4.0,0.0,1.0,0.0,0.0,0.0,0.0,0.0,0.0,0.0,31786.0,49827.0,6.0
363,"Chelan County, Washington",0.0,0.0,0.0,3.0,0.0,0.0,0.0,0.0,0.0,0.0,0.0,0.0,0.0,27060.0,61615.0,3.0
364,"Delaware County, Pennsylvania",0.0,3.0,1.0,0.0,0.0,0.0,0.0,0.0,0.0,0.0,0.0,0.0,0.0,205461.0,73854.0,4.0
365,"Blair County, Pennsylvania",0.0,1.0,0.0,0.0,3.0,0.0,0.0,0.0,0.0,0.0,0.0,0.0,0.0,51885.0,45957.0,4.0
366,"Jackson County, Mississippi",0.0,2.0,0.0,0.0,0.0,0.0,0.0,0.0,0.0,0.0,0.0,0.0,0.0,52318.0,48284.0,2.0
367,"Laramie County, Wyoming",0.0,1.0,0.0,0.0,2.0,0.0,0.0,0.0,0.0,0.0,0.0,0.0,0.0,39054.0,61961.0,3.0
368,"Merrimack County, New Hampshire",0.0,0.0,0.0,10.0,0.0,1.0,0.0,0.0,0.0,0.0,0.0,0.0,0.0,58220.0,70764.0,11.0
369,"Yavapai County, Arizona",4.0,0.0,0.0,0.0,0.0,0.0,0.0,0.0,0.0,0.0,0.0,0.0,0.0,98369.0,50041.0,4.0
370,"Navajo County, Arizona",0.0,0.0,0.0,0.0,2.0,1.0,0.0,0.0,0.0,0.0,0.0,0.0,0.0,36094.0,41295.0,3.0
371,"Bonneville County, Idaho",0.0,0.0,0.0,6.0,4.0,0.0,0.0,0.0,0.0,0.0,0.0,0.0,0.0,41118.0,53478.0,10.0
372,"McKinley County, New Mexico",1.0,0.0,0.0,0.0,0.0,1.0,0.0,0.0,0.0,0.0,0.0,0.0,0.0,21083.0,31565.0,2.0
373,"Monroe County, New York",5.0,3.0,0.0,3.0,0.0,1.0,0.0,0.0,0.0,0.0,0.0,0.0,0.0,301619.0,57561.0,12.0
374,"Douglas County, Oregon",0.0,0.0,0.0,9.0,0.0,0.0,0.0,0.0,0.0,0.0,0.0,0.0,0.0,45379.0,47746.0,9.0
375,"Denton County, Texas",1.0,2.0,0.0,1.0,0.0,0.0,0.0,0.0,0.0,0.0,0.0,0.0,0.0,293610.0,86291.0,4.0
376,"Benton County, Oregon",1.0,1.0,0.0,0.0,0.0,0.0,0.0,0.0,0.0,0.0,0.0,0.0,0.0,35445.0,60260.0,2.0
377,"Steuben County, New York",1.0,0.0,0.0,0.0,4.0,0.0,0.0,0.0,0.0,0.0,0.0,0.0,0.0,38382.0,50930.0,5.0
378,"Richland County, South Carolina",0.0,1.0,0.0,1.0,0.0,1.0,1.0,0.0,0.0,0.0,0.0,0.0,0.0,151999.0,51946.0,4.0
379,"Livingston County, Michigan",0.0,0.0,1.0,0.0,0.0,0.0,0.0,0.0,0.0,0.0,0.0,0.0,0.0,72726.0,80733.0,1.0
380,"Yuba County, California",0.0,0.0,0.0,2.0,0.0,0.0,0.0,0.0,0.0,0.0,0.0,0.0,0.0,26228.0,63120.0,2.0
381,"Jefferson County, Colorado",3.0,3.0,0.0,0.0,1.0,0.0,0.0,0.0,0.0,0.0,0.0,0.0,0.0,231651.0,80616.0,7.0
382,"Boone County, Missouri",0.0,3.0,1.0,0.0,0.0,0.0,0.0,0.0,0.0,0.0,0.0,0.0,0.0,70355.0,51340.0,4.0
383,"Columbia County, Georgia",1.0,0.0,0.0,1.0,0.0,0.0,0.0,0.0,0.0,0.0,0.0,0.0,0.0,43990.0,74164.0,2.0
384,"Jefferson County, Wisconsin",1.0,2.0,0.0,0.0,0.0,0.0,0.0,0.0,0.0,0.0,0.0,0.0,0.0,33534.0,56675.0,3.0
385,"Cabarrus County, North Carolina",4.0,0.0,0.0,0.0,0.0,0.0,0.0,0.0,0.0,0.0,0.0,0.0,0.0,75188.0,61490.0,4.0
386,"Indiana County, Pennsylvania",0.0,1.0,0.0,0.0,0.0,3.0,0.0,0.0,0.0,0.0,0.0,0.0,0.0,33664.0,46237.0,4.0
387,"Westmoreland County, Pennsylvania",0.0,1.0,0.0,1.0,0.0,0.0,0.0,0.0,0.0,0.0,0.0,0.0,0.0,151007.0,60713.0,2.0
388,"Brown County, Wisconsin",0.0,3.0,0.0,0.0,1.0,0.0,1.0,0.0,0.0,0.0,0.0,0.0,0.0,104868.0,60793.0,5.0
389,"El Paso County, Texas",3.0,4.0,1.0,0.0,0.0,0.0,0.0,0.0,0.0,0.0,0.0,0.0,0.0,269523.0,44489.0,8.0
390,"Putnam County, Florida",2.0,0.0,0.0,0.0,0.0,1.0,1.0,0.0,0.0,0.0,0.0,0.0,0.0,29444.0,33790.0,4.0
391,"Johnson County, Iowa",0.0,3.0,1.0,0.0,0.0,0.0,0.0,0.0,0.0,0.0,0.0,0.0,0.0,59190.0,61011.0,4.0
392,"Rock Island County, Illinois",0.0,2.0,0.0,1.0,0.0,0.0,0.0,0.0,0.0,0.0,0.0,1.0,0.0,60438.0,51711.0,4.0
393,"Mecklenburg County, North Carolina",1.0,0.0,3.0,0.0,0.0,0.0,1.0,0.0,0.0,0.0,0.0,1.0,0.0,410770.0,65588.0,6.0
394,"Tompkins County, New York",7.0,1.0,0.0,1.0,0.0,0.0,0.0,0.0,0.0,0.0,0.0,0.0,0.0,40230.0,56672.0,9.0
395,"Apache County, Arizona",0.0,0.0,0.0,0.0,0.0,2.0,0.0,0.0,0.0,0.0,0.0,0.0,0.0,20550.0,31671.0,2.0
396,"Grays Harbor County, Washington",0.0,1.0,0.0,1.0,0.0,0.0,0.0,0.0,0.0,0.0,0.0,0.0,0.0,29286.0,47445.0,2.0
397,"Marin County, California",1.0,0.0,0.0,0.0,0.0,0.0,0.0,0.0,0.0,0.0,0.0,0.0,0.0,104219.0,113908.0,1.0
398,"Lane County, Oregon",0.0,1.0,0.0,7.0,0.0,0.0,2.0,0.0,0.0,0.0,0.0,0.0,0.0,151675.0,50654.0,10.0
399,"Lake County, Illinois",0.0,3.0,0.0,0.0,0.0,1.0,0.0,0.0,0.0,0.0,0.0,0.0,0.0,247720.0,85895.0,4.0
400,"Fairfax County, Virginia",0.0,0.0,0.0,0.0,0.0,0.0,0.0,0.0,0.0,0.0,0.0,0.0,0.0,396662.0,118279.0,0.0
401,"Lake County, Florida",0.0,1.0,0.0,0.0,0.0,0.0,0.0,0.0,0.0,0.0,0.0,0.0,0.0,136255.0,51383.0,1.0
402,"Niagara County, New York",1.0,2.0,0.0,3.0,0.0,1.0,0.0,0.0,0.0,0.0,0.0,0.0,0.0,88659.0,54743.0,7.0
403,"Tulsa County, Oklahoma",0.0,3.0,0.0,1.0,0.0,0.0,0.0,0.0,0.0,0.0,0.0,0.0,0.0,251055.0,52441.0,4.0
404,"Lincoln County, North Carolina",2.0,1.0,1.0,1.0,0.0,0.0,0.0,0.0,0.0,0.0,0.0,0.0,0.0,33244.0,54361.0,5.0
405,"Yakima County, Washington",0.0,0.0,0.0,6.0,0.0,0.0,0.0,0.0,0.0,0.0,0.0,0.0,0.0,82107.0,47402.0,6.0
406,"Greene County, Missouri",1.0,2.0,0.0,0.0,0.0,1.0,0.0,1.0,0.0,0.0,0.0,0.0,0.0,120498.0,45117.0,5.0
407,"Houston County, Alabama",0.0,0.0,1.0,0.0,0.0,0.0,0.0,0.0,0.0,0.0,0.0,1.0,0.0,39106.0,44529.0,2.0
408,"Escambia County, Florida",1.0,2.0,0.0,0.0,0.0,1.0,1.0,0.0,0.0,0.0,0.0,0.0,0.0,122406.0,48631.0,5.0
409,"Bucks County, Pennsylvania",1.0,2.0,2.0,0.0,0.0,0.0,0.0,0.0,0.0,0.0,0.0,0.0,0.0,239671.0,84749.0,5.0
410,"Citrus County, Florida",0.0,1.0,0.0,0.0,0.0,0.0,0.0,0.0,0.0,0.0,0.0,0.0,0.0,61290.0,43548.0,1.0
411,"Lea County, New Mexico",5.0,4.0,0.0,0.0,2.0,0.0,0.0,0.0,0.0,0.0,0.0,0.0,0.0,22222.0,55952.0,11.0
412,"Manitowoc County, Wisconsin",0.0,1.0,0.0,0.0,0.0,0.0,0.0,0.0,0.0,0.0,1.0,1.0,0.0,34446.0,54785.0,3.0
413,"Santa Barbara County, California",2.0,3.0,0.0,0.0,0.0,0.0,0.0,0.0,0.0,0.0,0.0,0.0,0.0,147466.0,71106.0,5.0
414,"Guilford County, North Carolina",2.0,0.0,5.0,0.0,0.0,0.0,0.0,0.0,0.0,0.0,0.0,0.0,0.0,203199.0,52098.0,7.0
415,"Medina County, Ohio",1.0,0.0,1.0,0.0,0.0,0.0,0.0,0.0,0.0,0.0,0.0,0.0,0.0,68650.0,71360.0,2.0
416,"Stark County, Ohio",1.0,0.0,0.0,0.0,0.0,0.0,0.0,0.0,0.0,0.0,0.0,0.0,0.0,154097.0,50984.0,1.0
417,"Wayne County, Ohio",1.0,1.0,1.0,0.0,0.0,1.0,1.0,0.0,0.0,0.0,0.0,0.0,0.0,42890.0,55899.0,5.0
418,"Miami County, Ohio",2.0,0.0,1.0,0.0,0.0,0.0,0.0,0.0,0.0,0.0,0.0,0.0,0.0,39819.0,60910.0,3.0
419,"Jackson County, Georgia",0.0,1.0,0.0,0.0,0.0,0.0,0.0,0.0,0.0,0.0,0.0,0.0,0.0,23785.0,66557.0,1.0
420,"Sangamon County, Illinois",0.0,1.0,3.0,0.0,0.0,1.0,0.0,0.0,0.0,0.0,0.0,0.0,0.0,84583.0,61542.0,5.0
421,"Whitfield County, Georgia",1.0,0.0,0.0,0.0,0.0,0.0,0.0,0.0,0.0,0.0,0.0,0.0,0.0,35824.0,40717.0,1.0
422,"Berkeley County, West Virginia",0.0,0.0,0.0,2.0,0.0,0.0,0.0,0.0,0.0,0.0,0.0,0.0,0.0,42296.0,59142.0,2.0
423,"Bay County, Michigan",0.0,3.0,0.0,0.0,0.0,0.0,0.0,0.0,0.0,0.0,0.0,0.0,0.0,44907.0,44770.0,3.0
424,"Henrico County, Virginia",0.0,1.0,0.0,0.0,0.0,0.0,0.0,0.0,0.0,0.0,0.0,0.0,0.0,127899.0,67185.0,1.0
425,"Darlington County, South Carolina",3.0,1.0,0.0,0.0,0.0,0.0,0.0,0.0,0.0,0.0,0.0,1.0,0.0,27783.0,37465.0,5.0
426,"Snohomish County, Washington",0.0,0.0,0.0,2.0,0.0,0.0,0.0,2.0,0.0,0.0,0.0,0.0,0.0,292430.0,82595.0,4.0
427,"Lancaster County, Pennsylvania",4.0,1.0,0.0,3.0,1.0,0.0,0.0,0.0,0.0,0.0,0.0,0.0,0.0,201150.0,63407.0,9.0
428,"Davidson County, North Carolina",0.0,0.0,4.0,1.0,0.0,0.0,0.0,0.0,0.0,0.0,0.0,0.0,0.0,66295.0,46802.0,5.0
429,"Volusia County, Florida",2.0,1.0,2.0,0.0,0.0,0.0,0.0,0.0,0.0,0.0,0.0,0.0,0.0,217632.0,46901.0,5.0
430,"Morgan County, Alabama",0.0,2.0,0.0,0.0,0.0,0.0,0.0,0.0,0.0,0.0,0.0,0.0,0.0,45360.0,48563.0,2.0
431,"Grant County, Indiana",1.0,0.0,0.0,0.0,0.0,0.0,0.0,0.0,0.0,0.0,0.0,0.0,0.0,25878.0,44768.0,1.0
432,"LaPorte County, Indiana",0.0,0.0,0.0,0.0,0.0,1.0,0.0,0.0,0.0,0.0,0.0,0.0,0.0,42385.0,50736.0,1.0
433,"Philadelphia County, Pennsylvania",1.0,5.0,4.0,0.0,0.0,0.0,1.0,0.0,0.0,0.0,0.0,0.0,0.0,606142.0,39759.0,11.0
434,"Eau Claire County, Wisconsin",0.0,0.0,0.0,1.0,0.0,0.0,0.0,0.0,0.0,0.0,0.0,0.0,0.0,41767.0,54963.0,1.0
435,"Eaton County, Michigan",2.0,0.0,0.0,0.0,0.0,1.0,0.0,0.0,0.0,0.0,0.0,0.0,0.0,44329.0,64522.0,3.0
436,"Lapeer County, Michigan",2.0,0.0,0.0,0.0,0.0,0.0,0.0,0.0,0.0,0.0,0.0,0.0,0.0,34271.0,55866.0,2.0
437,"Grayson County, Texas",4.0,1.0,0.0,1.0,0.0,0.0,0.0,0.0,0.0,0.0,0.0,0.0,0.0,49176.0,56718.0,6.0
438,"Licking County, Ohio",1.0,0.0,0.0,0.0,0.0,0.0,0.0,0.0,0.0,0.0,0.0,0.0,0.0,63391.0,62883.0,1.0
439,"Whatcom County, Washington",0.0,4.0,0.0,7.0,0.0,0.0,0.0,1.0,0.0,0.0,0.0,0.0,0.0,88636.0,61186.0,12.0
440,"Butler County, Ohio",0.0,7.0,0.0,1.0,0.0,1.0,0.0,0.0,0.0,0.0,0.0,0.0,0.0,139058.0,64023.0,9.0
441,"Franklin County, Ohio",0.0,0.0,4.0,0.0,0.0,0.0,0.0,0.0,0.0,0.0,0.0,0.0,0.0,508811.0,59227.0,4.0
442,"Cass County, Missouri",0.0,3.0,0.0,0.0,0.0,0.0,0.0,0.0,0.0,0.0,0.0,0.0,0.0,40545.0,64595.0,3.0
443,"Washtenaw County, Michigan",1.0,2.0,2.0,0.0,0.0,0.0,0.0,0.0,0.0,0.0,0.0,0.0,0.0,140729.0,70286.0,5.0
444,"Sullivan County, Tennessee",0.0,0.0,0.0,2.0,0.0,1.0,1.0,0.0,0.0,0.0,0.0,0.0,0.0,67685.0,44909.0,4.0
445,"Marathon County, Wisconsin",0.0,0.0,1.0,2.0,0.0,1.0,1.0,0.0,0.0,0.0,0.0,0.0,0.0,55084.0,58173.0,5.0
446,"Dorchester County, South Carolina",0.0,0.0,0.0,0.0,0.0,0.0,0.0,0.0,0.0,0.0,0.0,0.0,0.0,56003.0,64148.0,0.0
447,"Hanover County, Virginia",0.0,1.0,0.0,0.0,0.0,0.0,0.0,0.0,0.0,0.0,0.0,0.0,0.0,37969.0,90066.0,1.0
448,"Sevier County, Tennessee",0.0,0.0,0.0,1.0,0.0,0.0,0.0,0.0,0.0,0.0,0.0,0.0,0.0,36444.0,49963.0,1.0
449,"Tuscarawas County, Ohio",0.0,0.0,1.0,0.0,0.0,1.0,0.0,0.0,0.0,0.0,0.0,0.0,0.0,37446.0,51386.0,2.0
450,"Dutchess County, New York",4.0,0.0,1.0,1.0,0.0,0.0,0.0,0.0,0.0,0.0,0.0,0.0,0.0,106043.0,77915.0,6.0
451,"Walton County, Georgia",4.0,3.0,0.0,0.0,0.0,0.0,0.0,0.0,0.0,0.0,0.0,0.0,0.0,31114.0,54867.0,7.0
452,"Muskingum County, Ohio",0.0,1.0,0.0,0.0,0.0,0.0,0.0,0.0,0.0,0.0,0.0,0.0,0.0,33074.0,43113.0,1.0
453,"Portage County, Wisconsin",0.0,1.0,0.0,3.0,0.0,0.0,0.0,0.0,0.0,0.0,0.0,0.0,0.0,28679.0,52247.0,4.0
454,"Schenectady County, New York",3.0,0.0,0.0,0.0,0.0,0.0,0.0,0.0,0.0,0.0,0.0,0.0,0.0,49022.0,62514.0,3.0
455,"Washington County, Oregon",1.0,0.0,0.0,0.0,0.0,0.0,1.0,0.0,0.0,0.0,0.0,0.0,0.0,217894.0,80946.0,2.0
456,"Durham County, North Carolina",4.0,0.0,0.0,0.0,0.0,0.0,0.0,0.0,0.0,0.0,0.0,0.0,0.0,126123.0,59891.0,4.0
457,"Shelby County, Alabama",0.0,1.0,0.0,0.0,0.0,0.0,0.0,0.0,0.0,0.0,0.0,0.0,0.0,78666.0,73031.0,1.0
458,"Morgan County, Indiana",0.0,1.0,0.0,0.0,0.0,0.0,0.0,0.0,0.0,0.0,0.0,0.0,0.0,26441.0,60946.0,1.0
459,"Oakland County, Michigan",0.0,2.0,3.0,0.0,0.0,0.0,0.0,0.0,0.0,0.0,0.0,0.0,0.0,504944.0,77475.0,5.0
460,"Elkhart County, Indiana",1.0,0.0,0.0,1.0,0.0,0.0,1.0,0.0,0.0,0.0,0.0,0.0,0.0,73363.0,58960.0,3.0
461,"Hunterdon County, New Jersey",13.0,0.0,0.0,0.0,0.0,0.0,0.0,0.0,0.0,0.0,0.0,0.0,0.0,45967.0,112038.0,13.0
462,"Centre County, Pennsylvania",1.0,2.0,0.0,0.0,0.0,0.0,0.0,0.0,0.0,0.0,0.0,0.0,0.0,58629.0,55895.0,3.0
463,"Penobscot County, Maine",0.0,2.0,0.0,9.0,2.0,0.0,0.0,0.0,0.0,0.0,0.0,0.0,0.0,60620.0,50349.0,13.0
464,"Harrison County, Texas",0.0,2.0,0.0,0.0,0.0,1.0,0.0,0.0,0.0,0.0,0.0,0.0,0.0,22618.0,53394.0,3.0
465,"Ingham County, Michigan",1.0,2.0,0.0,0.0,0.0,1.0,0.0,0.0,0.0,0.0,0.0,0.0,0.0,111915.0,50896.0,4.0
466,"Ector County, Texas",0.0,3.0,0.0,0.0,0.0,0.0,0.0,0.0,0.0,0.0,0.0,0.0,0.0,51388.0,55380.0,3.0
467,"McLennan County, Texas",2.0,0.0,0.0,0.0,0.0,1.0,0.0,0.0,0.0,0.0,0.0,0.0,0.0,91086.0,47267.0,3.0
468,"Sheboygan County, Wisconsin",0.0,1.0,0.0,0.0,0.0,1.0,0.0,0.0,0.0,0.0,0.0,0.0,0.0,48347.0,58361.0,2.0
469,"Nassau County, Florida",0.0,1.0,0.0,0.0,0.0,0.0,1.0,0.0,0.0,0.0,0.0,0.0,0.0,31837.0,71489.0,2.0
470,"Spotsylvania County, Virginia",0.0,0.0,1.0,0.0,0.0,0.0,0.0,0.0,0.0,0.0,0.0,0.0,0.0,42960.0,86491.0,1.0
471,"Douglas County, Nebraska",0.0,0.0,1.0,0.0,0.0,1.0,1.0,0.0,0.0,0.0,0.0,0.0,0.0,218390.0,61531.0,3.0
472,"Washington County, Arkansas",1.0,3.0,0.0,0.0,0.0,0.0,0.0,2.0,0.0,0.0,0.0,0.0,0.0,85290.0,50169.0,6.0
473,"Rockingham County, Virginia",1.0,1.0,1.0,0.0,0.0,0.0,1.0,0.0,0.0,0.0,0.0,0.0,0.0,30892.0,59493.0,4.0
474,"Monroe County, Indiana",1.0,0.0,0.0,0.0,0.0,0.0,0.0,0.0,0.0,0.0,0.0,0.0,0.0,57047.0,48713.0,1.0
475,"Sebastian County, Arkansas",0.0,0.0,0.0,1.0,0.0,0.0,0.0,0.0,0.0,0.0,0.0,0.0,0.0,50734.0,41917.0,1.0
476,"Wilson County, North Carolina",13.0,0.0,1.0,0.0,0.0,0.0,0.0,0.0,0.0,0.0,0.0,0.0,0.0,32015.0,45960.0,14.0
477,"Milwaukee County, Wisconsin",1.0,2.0,0.0,0.0,0.0,2.0,2.0,0.0,0.0,0.0,0.0,0.0,0.0,376445.0,47591.0,7.0
478,"St. Francois County, Missouri",1.0,0.0,3.0,0.0,0.0,0.0,0.0,0.0,0.0,0.0,0.0,0.0,0.0,22504.0,39288.0,4.0
479,"Daviess County, Kentucky",0.0,0.0,0.0,0.0,0.0,1.0,0.0,0.0,0.0,0.0,0.0,0.0,0.0,40920.0,49507.0,1.0
480,"Franklin County, Washington",0.0,0.0,0.0,5.0,0.0,0.0,0.0,0.0,0.0,0.0,0.0,0.0,0.0,26477.0,64344.0,5.0
481,"DeKalb County, Georgia",2.0,0.0,2.0,0.0,0.0,0.0,0.0,0.0,0.0,0.0,0.0,0.0,0.0,278249.0,61827.0,4.0
482,"Orange County, Texas",0.0,4.0,0.0,0.0,0.0,0.0,1.0,0.0,0.0,0.0,0.0,0.0,0.0,29848.0,58863.0,5.0
483,"Ellis County, Texas",0.0,2.0,0.0,0.0,0.0,0.0,0.0,0.0,0.0,0.0,0.0,0.0,0.0,57052.0,72138.0,2.0
484,"Iberia Parish, Louisiana",0.0,0.0,0.0,0.0,0.0,0.0,0.0,0.0,0.0,0.0,0.0,0.0,0.0,26345.0,40019.0,0.0
485,"Erie County, Pennsylvania",0.0,1.0,0.0,0.0,0.0,0.0,0.0,0.0,0.0,0.0,0.0,0.0,0.0,108458.0,50614.0,1.0
486,"Rockingham County, New Hampshire",0.0,4.0,0.0,0.0,0.0,1.0,0.0,0.0,0.0,0.0,0.0,1.0,0.0,120096.0,89451.0,6.0
487,"East Baton Rouge Parish, Louisiana",0.0,6.0,0.0,0.0,0.0,0.0,0.0,0.0,0.0,0.0,0.0,0.0,0.0,162627.0,55326.0,6.0
488,"Saline County, Arkansas",1.0,0.0,0.0,0.0,0.0,0.0,0.0,0.0,0.0,0.0,0.0,0.0,0.0,44420.0,59633.0,1.0
489,"DeKalb County, Illinois",0.0,0.0,0.0,0.0,1.0,0.0,0.0,0.0,0.0,0.0,0.0,0.0,0.0,38324.0,59942.0,1.0
490,"Valencia County, New Mexico",7.0,2.0,0.0,0.0,0.0,0.0,0.0,0.0,0.0,0.0,0.0,0.0,0.0,26359.0,47409.0,9.0
491,"Fayette County, Pennsylvania",0.0,2.0,0.0,1.0,2.0,0.0,0.0,0.0,0.0,0.0,0.0,0.0,0.0,53256.0,44184.0,5.0
492,"Madison County, New York",1.0,0.0,0.0,0.0,3.0,0.0,0.0,0.0,0.0,0.0,0.0,0.0,0.0,26024.0,57069.0,4.0
493,"Monroe County, Michigan",0.0,0.0,0.0,0.0,0.0,1.0,0.0,0.0,0.0,0.0,0.0,1.0,0.0,59528.0,59290.0,2.0
494,"Kootenai County, Idaho",0.0,2.0,0.0,1.0,0.0,0.0,0.0,0.0,0.0,0.0,0.0,0.0,0.0,60383.0,57219.0,3.0
495,"Hancock County, Ohio",0.0,0.0,0.0,0.0,3.0,0.0,0.0,0.0,0.0,0.0,0.0,0.0,0.0,31844.0,51360.0,3.0
496,"Lake County, Ohio",0.0,0.0,1.0,0.0,0.0,1.0,0.0,0.0,0.0,0.0,0.0,1.0,0.0,94118.0,59618.0,3.0
497,"Monongalia County, West Virginia",0.0,0.0,0.0,1.0,0.0,3.0,0.0,0.0,0.0,0.0,0.0,0.0,0.0,39386.0,50888.0,4.0
498,"Harrison County, West Virginia",0.0,0.0,0.0,0.0,0.0,1.0,0.0,0.0,0.0,0.0,0.0,0.0,0.0,27493.0,58082.0,1.0
499,"Benton County, Arkansas",0.0,0.0,0.0,0.0,0.0,1.0,0.0,0.0,0.0,0.0,0.0,0.0,0.0,97134.0,63746.0,1.0
500,"Moore County, North Carolina",9.0,0.0,0.0,0.0,0.0,0.0,0.0,0.0,0.0,0.0,0.0,0.0,0.0,39155.0,64184.0,9.0
501,"Douglas County, Colorado",0.0,0.0,0.0,2.0,0.0,0.0,0.0,0.0,0.0,0.0,0.0,0.0,0.0,119151.0,111482.0,2.0
502,"Kaufman County, Texas",0.0,1.0,0.0,0.0,0.0,0.0,0.0,0.0,0.0,0.0,0.0,0.0,0.0,37569.0,65841.0,1.0
503,"Richmond County, Georgia",2.0,0.0,0.0,3.0,0.0,0.0,0.0,0.0,0.0,0.0,0.0,0.0,0.0,71411.0,37324.0,5.0
504,"Lebanon County, Pennsylvania",1.0,1.0,0.0,0.0,0.0,0.0,0.0,0.0,0.0,0.0,0.0,0.0,0.0,52786.0,57372.0,2.0
505,"Lee County, Florida",0.0,1.0,0.0,0.0,0.0,0.0,0.0,0.0,0.0,0.0,0.0,0.0,0.0,266266.0,53928.0,1.0
506,"Northumberland County, Pennsylvania",0.0,0.0,0.0,0.0,0.0,1.0,0.0,0.0,0.0,0.0,0.0,0.0,0.0,37684.0,44895.0,1.0
507,"Yolo County, California",5.0,0.0,0.0,1.0,1.0,0.0,0.0,0.0,0.0,0.0,0.0,0.0,0.0,73495.0,65729.0,7.0
508,"Newport County, Rhode Island",1.0,1.0,0.0,0.0,1.0,0.0,0.0,0.0,0.0,0.0,0.0,0.0,0.0,34568.0,80222.0,3.0
509,"Pulaski County, Arkansas",0.0,1.0,0.0,1.0,0.0,0.0,1.0,0.0,0.0,0.0,0.0,0.0,0.0,156546.0,52450.0,3.0
510,"Frederick County, Virginia",0.0,1.0,0.0,0.0,0.0,0.0,0.0,0.0,0.0,0.0,0.0,0.0,0.0,32251.0,72405.0,1.0
511,"Skagit County, Washington",0.0,2.0,0.0,1.0,0.0,0.0,0.0,0.0,0.0,0.0,0.0,0.0,0.0,49262.0,66066.0,3.0
512,"La Crosse County, Wisconsin",0.0,0.0,1.0,0.0,0.0,0.0,0.0,0.0,0.0,0.0,0.0,0.0,0.0,47704.0,57033.0,1.0
513,"Oklahoma County, Oklahoma",0.0,4.0,0.0,0.0,0.0,0.0,0.0,0.0,0.0,0.0,0.0,0.0,0.0,297945.0,51323.0,4.0
514,"Mesa County, Colorado",4.0,1.0,0.0,4.0,0.0,0.0,0.0,0.0,0.0,0.0,0.0,0.0,0.0,61763.0,52742.0,9.0
515,"Marion County, Florida",0.0,0.0,0.0,0.0,0.0,0.0,0.0,0.0,0.0,0.0,0.0,0.0,0.0,140620.0,43910.0,0.0
516,"Kent County, Rhode Island",3.0,0.0,0.0,0.0,6.0,0.0,0.0,0.0,0.0,0.0,0.0,0.0,0.0,69536.0,75143.0,9.0
517,"Salt Lake County, Utah",1.0,7.0,0.0,3.0,0.0,0.0,0.0,0.0,1.0,0.0,0.0,0.0,0.0,376314.0,71471.0,12.0
518,"Etowah County, Alabama",0.0,1.0,0.0,0.0,0.0,0.0,0.0,0.0,0.0,0.0,0.0,0.0,0.0,37091.0,41576.0,1.0
519,"Washoe County, Nevada",1.0,0.0,0.0,0.0,0.0,0.0,0.0,0.0,0.0,7.0,0.0,0.0,0.0,180851.0,61498.0,8.0
520,"Sumner County, Tennessee",0.0,0.0,0.0,1.0,0.0,1.0,0.0,0.0,0.0,0.0,0.0,0.0,0.0,66063.0,65014.0,2.0
521,"Johnson County, Kansas",0.0,2.0,0.0,0.0,0.0,0.0,0.0,0.0,0.0,0.0,0.0,0.0,0.0,229030.0,82855.0,2.0
522,"Mercer County, Pennsylvania",0.0,0.0,1.0,0.0,0.0,0.0,0.0,0.0,0.0,0.0,0.0,0.0,0.0,46453.0,46785.0,1.0
523,"Kane County, Illinois",0.0,5.0,0.0,0.0,0.0,0.0,0.0,0.0,0.0,0.0,0.0,0.0,0.0,180787.0,75628.0,5.0
524,"Woodbury County, Iowa",0.0,0.0,0.0,0.0,0.0,2.0,0.0,0.0,0.0,0.0,0.0,0.0,0.0,39020.0,55273.0,2.0
525,"Barrow County, Georgia",0.0,0.0,0.0,0.0,0.0,0.0,0.0,0.0,0.0,0.0,0.0,0.0,0.0,26893.0,59994.0,0.0
526,"Spalding County, Georgia",0.0,0.0,0.0,0.0,0.0,0.0,0.0,0.0,0.0,0.0,0.0,0.0,0.0,25151.0,47027.0,0.0
527,"Gwinnett County, Georgia",0.0,0.0,0.0,0.0,0.0,0.0,0.0,0.0,0.0,0.0,0.0,0.0,0.0,292679.0,68914.0,0.0
528,"Washington County, Wisconsin",0.0,0.0,2.0,0.0,0.0,0.0,0.0,0.0,0.0,0.0,0.0,0.0,0.0,53985.0,75453.0,2.0
529,"Forsyth County, North Carolina",2.0,0.0,0.0,0.0,0.0,0.0,0.0,0.0,0.0,0.0,0.0,0.0,0.0,144681.0,50185.0,2.0
530,"Adams County, Pennsylvania",1.0,1.0,3.0,0.0,0.0,0.0,1.0,0.0,0.0,0.0,0.0,0.0,0.0,39527.0,63107.0,6.0
531,"Coconino County, Arizona",1.0,0.0,1.0,1.0,1.0,0.0,0.0,0.0,0.0,0.0,0.0,0.0,0.0,47977.0,54893.0,4.0
532,"Sedgwick County, Kansas",0.0,2.0,1.0,0.0,0.0,0.0,0.0,0.0,0.0,0.0,0.0,0.0,0.0,196053.0,53923.0,3.0
533,"Jefferson Parish, Louisiana",0.0,2.0,0.0,0.0,0.0,0.0,0.0,0.0,0.0,0.0,0.0,0.0,0.0,168031.0,51494.0,2.0
534,"Clinton County, Michigan",0.0,0.0,0.0,0.0,0.0,0.0,0.0,0.0,0.0,0.0,0.0,0.0,0.0,29959.0,62175.0,0.0
535,"Polk County, Oregon",3.0,0.0,0.0,0.0,0.0,0.0,0.0,0.0,0.0,0.0,0.0,0.0,0.0,29260.0,55428.0,3.0
536,"Madison County, Illinois",0.0,2.0,2.0,0.0,0.0,0.0,0.0,0.0,0.0,0.0,0.0,0.0,1.0,107212.0,57890.0,5.0
537,"Kalamazoo County, Michigan",1.0,3.0,0.0,0.0,0.0,0.0,0.0,1.0,0.0,0.0,0.0,0.0,0.0,104075.0,56025.0,5.0
538,"Passaic County, New Jersey",2.0,1.0,1.0,2.0,0.0,0.0,0.0,0.0,0.0,0.0,0.0,0.0,0.0,168397.0,64233.0,6.0
539,"Hancock County, Indiana",1.0,0.0,0.0,0.0,0.0,0.0,0.0,0.0,0.0,0.0,0.0,0.0,0.0,29239.0,70473.0,1.0
540,"San Patricio County, Texas",0.0,2.0,0.0,0.0,4.0,0.0,0.0,0.0,0.0,0.0,0.0,0.0,0.0,23075.0,51012.0,6.0
541,"Okaloosa County, Florida",1.0,0.0,0.0,0.0,0.0,0.0,0.0,0.0,0.0,0.0,0.0,0.0,0.0,79011.0,61866.0,1.0
542,"Santa Rosa County, Florida",1.0,2.0,0.0,0.0,0.0,0.0,0.0,0.0,0.0,0.0,0.0,0.0,0.0,62216.0,66059.0,3.0
543,"Harrison County, Mississippi",1.0,1.0,0.0,0.0,0.0,0.0,0.0,0.0,0.0,0.0,0.0,0.0,0.0,78449.0,47365.0,2.0
544,"Fayette County, Kentucky",0.0,1.0,0.0,0.0,0.0,0.0,0.0,0.0,0.0,0.0,0.0,0.0,0.0,129140.0,56137.0,1.0
545,"Charleston County, South Carolina",0.0,1.0,0.0,0.0,0.0,0.0,0.0,0.0,0.0,0.0,0.0,0.0,0.0,158635.0,60555.0,1.0
546,"Wayne County, New York",4.0,0.0,0.0,0.0,1.0,0.0,0.0,0.0,0.0,0.0,0.0,1.0,0.0,36715.0,51326.0,6.0
547,"Hardin County, Kentucky",0.0,0.0,0.0,0.0,0.0,0.0,0.0,0.0,0.0,0.0,0.0,0.0,0.0,42911.0,51167.0,0.0
548,"Lafayette Parish, Louisiana",0.0,2.0,0.0,0.0,0.0,0.0,0.0,0.0,0.0,0.0,0.0,0.0,0.0,89465.0,52265.0,2.0
549,"Potter County, Texas",0.0,1.0,0.0,0.0,0.0,1.0,0.0,0.0,0.0,0.0,0.0,0.0,0.0,45130.0,45312.0,2.0
550,"Dauphin County, Pennsylvania",0.0,2.0,1.0,0.0,0.0,0.0,0.0,0.0,0.0,0.0,0.0,0.0,0.0,110764.0,61622.0,3.0
551,"Forrest County, Mississippi",1.0,0.0,0.0,0.0,0.0,0.0,0.0,0.0,0.0,0.0,0.0,0.0,0.0,28066.0,42389.0,1.0
552,"Scioto County, Ohio",0.0,1.0,0.0,0.0,0.0,0.0,0.0,0.0,0.0,0.0,0.0,0.0,0.0,30424.0,43367.0,1.0
553,"Hays County, Texas",0.0,1.0,0.0,0.0,0.0,0.0,0.0,0.0,0.0,0.0,0.0,0.0,0.0,74995.0,65667.0,1.0
554,"Luzerne County, Pennsylvania",1.0,4.0,2.0,0.0,1.0,0.0,0.0,1.0,0.0,0.0,0.0,1.0,0.0,126811.0,51332.0,10.0
555,"Hendricks County, Indiana",0.0,0.0,1.0,0.0,0.0,0.0,0.0,0.0,0.0,0.0,0.0,0.0,0.0,58285.0,70991.0,1.0
556,"Clark County, Indiana",1.0,0.0,0.0,0.0,0.0,0.0,0.0,0.0,0.0,0.0,0.0,0.0,0.0,44957.0,52036.0,1.0
557,"Hernando County, Florida",0.0,0.0,0.0,0.0,0.0,0.0,0.0,0.0,0.0,0.0,0.0,0.0,0.0,74110.0,44892.0,0.0
558,"Hidalgo County, Texas",0.0,3.0,0.0,0.0,1.0,0.0,0.0,0.0,0.0,0.0,0.0,0.0,0.0,239825.0,37106.0,4.0
559,"Ramsey County, Minnesota",0.0,1.0,1.0,1.0,0.0,0.0,0.0,0.0,0.0,0.0,0.0,0.0,0.0,211123.0,61962.0,3.0
560,"Beaufort County, South Carolina",2.0,0.0,1.0,0.0,0.0,0.0,0.0,0.0,0.0,0.0,0.0,0.0,0.0,68366.0,58847.0,3.0
561,"Hinds County, Mississippi",0.0,2.0,0.0,0.0,0.0,0.0,0.0,0.0,0.0,0.0,0.0,0.0,0.0,89570.0,45658.0,2.0
562,"Cattaraugus County, New York",3.0,1.0,0.0,0.0,0.0,0.0,0.0,0.0,0.0,0.0,0.0,0.0,0.0,32360.0,48484.0,4.0
563,"Terrebonne Parish, Louisiana",0.0,1.0,0.0,0.0,0.0,0.0,0.0,0.0,0.0,0.0,0.0,0.0,0.0,40882.0,42857.0,1.0
564,"Williamson County, Texas",1.0,0.0,0.0,0.0,0.0,0.0,0.0,0.0,0.0,0.0,0.0,0.0,0.0,180142.0,81719.0,1.0
565,"Wayne County, Indiana",3.0,1.0,0.0,0.0,0.0,1.0,0.0,0.0,0.0,0.0,0.0,0.0,0.0,26521.0,45017.0,5.0
566,"Platte County, Missouri",0.0,1.0,0.0,0.0,0.0,1.0,0.0,0.0,0.0,0.0,0.0,0.0,0.0,39407.0,74646.0,2.0
567,"Martin County, Florida",0.0,1.0,0.0,0.0,0.0,1.0,0.0,0.0,0.0,0.0,0.0,0.0,0.0,62496.0,54681.0,2.0
568,"Floyd County, Georgia",0.0,0.0,0.0,1.0,0.0,0.0,1.0,0.0,0.0,0.0,0.0,0.0,0.0,36927.0,45854.0,2.0
569,"Henderson County, North Carolina",2.0,0.0,0.0,1.0,0.0,0.0,0.0,0.0,0.0,0.0,0.0,0.0,0.0,47920.0,51078.0,3.0
570,"Iredell County, North Carolina",2.0,0.0,2.0,1.0,0.0,0.0,0.0,0.0,0.0,0.0,0.0,0.0,0.0,65662.0,55690.0,5.0
571,"Davidson County, Tennessee",1.0,2.0,0.0,1.0,0.0,0.0,0.0,0.0,0.0,0.0,0.0,0.0,0.0,283929.0,58490.0,4.0
572,"Cobb County, Georgia",0.0,1.0,1.0,0.0,0.0,0.0,0.0,0.0,0.0,0.0,0.0,0.0,0.0,277609.0,75654.0,2.0
573,"Cape Girardeau County, Missouri",0.0,0.0,1.0,0.0,0.0,0.0,0.0,0.0,0.0,0.0,0.0,0.0,0.0,29245.0,51140.0,1.0
574,"Jackson County, Michigan",0.0,1.0,0.0,0.0,0.0,0.0,0.0,0.0,0.0,0.0,0.0,0.0,0.0,62220.0,50258.0,1.0
575,"Williamson County, Illinois",1.0,0.0,0.0,0.0,0.0,1.0,0.0,0.0,0.0,0.0,0.0,0.0,0.0,26845.0,50408.0,2.0
576,"Johnson County, Texas",0.0,1.0,0.0,0.0,0.0,0.0,0.0,0.0,0.0,0.0,0.0,0.0,0.0,58859.0,62482.0,1.0
577,"Craighead County, Arkansas",0.0,1.0,0.0,0.0,0.0,0.0,0.0,0.0,0.0,0.0,0.0,0.0,0.0,42115.0,50422.0,1.0
578,"Elmore County, Alabama",0.0,0.0,0.0,4.0,0.0,0.0,0.0,0.0,0.0,0.0,0.0,0.0,0.0,29176.0,60558.0,4.0
579,"Kendall County, Illinois",0.0,1.0,0.0,0.0,0.0,0.0,0.0,0.0,0.0,0.0,0.0,0.0,0.0,40930.0,91250.0,1.0
580,"Troup County, Georgia",1.0,0.0,0.0,1.0,0.0,0.0,0.0,0.0,0.0,0.0,0.0,0.0,0.0,24716.0,38977.0,2.0
581,"Cass County, North Dakota",0.0,0.0,1.0,0.0,0.0,0.0,0.0,0.0,0.0,0.0,0.0,0.0,0.0,76123.0,64704.0,1.0
582,"Winnebago County, Illinois",1.0,3.0,0.0,1.0,0.0,0.0,1.0,0.0,0.0,0.0,0.0,0.0,0.0,113789.0,53337.0,6.0
583,"Gregg County, Texas",0.0,1.0,0.0,0.0,0.0,0.0,0.0,0.0,0.0,0.0,0.0,0.0,0.0,44138.0,47095.0,1.0
584,"Howard County, Indiana",1.0,0.0,0.0,0.0,0.0,0.0,0.0,0.0,0.0,0.0,0.0,0.0,0.0,34243.0,49346.0,1.0
585,"New Hanover County, North Carolina",2.0,1.0,0.0,0.0,0.0,0.0,0.0,0.0,0.0,0.0,0.0,0.0,0.0,95097.0,52674.0,3.0
586,"Kenton County, Kentucky",3.0,0.0,0.0,0.0,0.0,0.0,0.0,0.0,0.0,0.0,0.0,0.0,0.0,63679.0,58595.0,3.0
587,"Cape May County, New Jersey",2.0,0.0,0.0,0.0,0.0,0.0,0.0,0.0,0.0,0.0,0.0,0.0,0.0,39526.0,66953.0,2.0
588,"Franklin County, Missouri",0.0,0.0,0.0,0.0,0.0,1.0,0.0,0.0,0.0,0.0,0.0,0.0,0.0,40256.0,55290.0,1.0
589,"Mendocino County, California",0.0,0.0,0.0,2.0,0.0,0.0,0.0,0.0,0.0,0.0,0.0,0.0,0.0,32599.0,53024.0,2.0
590,"Buchanan County, Missouri",0.0,1.0,0.0,0.0,0.0,0.0,0.0,0.0,0.0,0.0,0.0,0.0,0.0,33716.0,46052.0,1.0
591,"Shiawassee County, Michigan",0.0,0.0,0.0,0.0,0.0,0.0,0.0,0.0,0.0,0.0,0.0,0.0,0.0,27277.0,53361.0,0.0
592,"Hunt County, Texas",2.0,1.0,0.0,0.0,0.0,0.0,0.0,0.0,0.0,0.0,0.0,0.0,0.0,32943.0,55786.0,3.0
593,"Montgomery County, Texas",0.0,1.0,0.0,0.0,0.0,0.0,0.0,0.0,0.0,0.0,0.0,0.0,0.0,195637.0,76811.0,1.0
594,"Walker County, Alabama",0.0,0.0,0.0,1.0,0.0,0.0,0.0,0.0,0.0,0.0,0.0,0.0,0.0,25231.0,41973.0,1.0
595,"St. Clair County, Alabama",0.0,0.0,0.0,1.0,0.0,0.0,0.0,0.0,0.0,0.0,0.0,0.0,0.0,33241.0,50934.0,1.0
596,"Kanawha County, West Virginia",0.0,0.0,0.0,2.0,0.0,0.0,0.0,0.0,0.0,0.0,0.0,0.0,0.0,75836.0,42197.0,2.0
597,"Cowlitz County, Washington",0.0,3.0,0.0,3.0,0.0,0.0,1.0,0.0,0.0,0.0,0.0,0.0,0.0,41611.0,49456.0,7.0
598,"Wicomico County, Maryland",3.0,0.0,0.0,0.0,0.0,0.0,0.0,0.0,0.0,0.0,0.0,0.0,0.0,37665.0,54080.0,3.0
599,"Muskegon County, Michigan",0.0,1.0,0.0,0.0,0.0,0.0,0.0,0.0,0.0,0.0,0.0,0.0,0.0,64581.0,49229.0,1.0
600,"Prince William County, Virginia",0.0,0.0,2.0,0.0,0.0,0.0,0.0,0.0,0.0,0.0,0.0,0.0,0.0,141425.0,100845.0,2.0
601,"Rutherford County, Tennessee",0.0,1.0,0.0,0.0,0.0,0.0,0.0,0.0,0.0,0.0,0.0,0.0,0.0,112519.0,68514.0,1.0
602,"Mahoning County, Ohio",0.0,0.0,0.0,0.0,0.0,0.0,0.0,0.0,0.0,0.0,0.0,0.0,0.0,98084.0,43389.0,0.0
603,"Grant County, Washington",0.0,0.0,0.0,5.0,0.0,0.0,0.0,0.0,0.0,0.0,0.0,0.0,0.0,31123.0,58644.0,5.0
604,"Manatee County, Florida",1.0,1.0,1.0,0.0,0.0,0.0,0.0,0.0,0.0,0.0,0.0,0.0,0.0,144329.0,55268.0,3.0
605,"Monroe County, Florida",0.0,0.0,2.0,0.0,0.0,0.0,0.0,0.0,0.0,0.0,0.0,0.0,0.0,31285.0,65747.0,2.0
606,"Fauquier County, Virginia",1.0,2.0,0.0,0.0,0.0,0.0,0.0,0.0,0.0,0.0,0.0,0.0,0.0,23272.0,98585.0,3.0
607,"Vigo County, Indiana",1.0,2.0,0.0,0.0,0.0,0.0,0.0,0.0,0.0,0.0,0.0,0.0,0.0,41933.0,41125.0,3.0
608,"Clallam County, Washington",0.0,0.0,0.0,0.0,0.0,0.0,0.0,0.0,0.0,0.0,0.0,0.0,0.0,33233.0,47907.0,0.0
609,"Lauderdale County, Mississippi",2.0,1.0,1.0,0.0,0.0,0.0,0.0,0.0,0.0,0.0,0.0,0.0,0.0,30019.0,46983.0,4.0
610,"Houston County, Georgia",0.0,2.0,0.0,0.0,0.0,0.0,0.0,0.0,0.0,0.0,0.0,0.0,0.0,56860.0,58525.0,2.0
611,"Midland County, Michigan",0.0,1.0,0.0,1.0,0.0,0.0,0.0,0.0,0.0,0.0,0.0,0.0,0.0,34096.0,61624.0,2.0
612,"Rockdale County, Georgia",0.0,0.0,0.0,1.0,0.0,0.0,0.0,0.0,0.0,0.0,0.0,0.0,0.0,29849.0,62429.0,1.0
613,"Strafford County, New Hampshire",0.0,0.0,0.0,3.0,0.0,0.0,0.0,0.0,0.0,0.0,0.0,0.0,0.0,48988.0,71057.0,3.0
614,"Ward County, North Dakota",0.0,0.0,0.0,0.0,2.0,0.0,0.0,0.0,0.0,0.0,0.0,0.0,0.0,27173.0,64742.0,2.0
615,"Montgomery County, Ohio",0.0,3.0,1.0,0.0,0.0,0.0,0.0,0.0,0.0,0.0,0.0,0.0,0.0,225106.0,47755.0,4.0
616,"Jones County, Mississippi",0.0,1.0,0.0,0.0,0.0,0.0,0.0,0.0,0.0,0.0,0.0,0.0,0.0,23950.0,39310.0,1.0
617,"Muscogee County, Georgia",1.0,0.0,0.0,2.0,0.0,0.0,1.0,0.0,0.0,0.0,0.0,0.0,0.0,70306.0,42107.0,4.0
618,"Muskogee County, Oklahoma",0.0,2.0,0.0,1.0,0.0,0.0,0.0,0.0,0.0,0.0,0.0,0.0,0.0,26122.0,36342.0,3.0
619,"Ouachita Parish, Louisiana",0.0,4.0,0.0,0.0,0.0,0.0,1.0,0.0,0.0,0.0,0.0,0.0,0.0,58232.0,40161.0,5.0
620,"Nacogdoches County, Texas",0.0,0.0,0.0,0.0,0.0,0.0,0.0,0.0,0.0,0.0,0.0,0.0,0.0,22634.0,47589.0,0.0
621,"Van Buren County, Michigan",0.0,1.0,0.0,0.0,0.0,0.0,0.0,0.0,0.0,0.0,0.0,1.0,0.0,29037.0,52971.0,2.0
622,"Orleans Parish, Louisiana",1.0,0.0,0.0,0.0,0.0,0.0,0.0,0.0,0.0,0.0,0.0,0.0,0.0,154560.0,36999.0,1.0
623,"Raleigh County, West Virginia",0.0,0.0,0.0,0.0,0.0,0.0,0.0,0.0,0.0,0.0,0.0,0.0,0.0,31593.0,42121.0,0.0
624,"Roanoke County, Virginia",0.0,0.0,0.0,1.0,0.0,0.0,0.0,0.0,0.0,0.0,0.0,0.0,0.0,38687.0,64287.0,1.0
625,"Christian County, Missouri",1.0,0.0,0.0,0.0,0.0,0.0,0.0,0.0,0.0,0.0,0.0,0.0,0.0,32009.0,59161.0,1.0
626,"Hamilton County, Indiana",1.0,1.0,0.0,0.0,0.0,0.0,0.0,0.0,0.0,0.0,0.0,0.0,0.0,118666.0,93604.0,2.0
627,"Macomb County, Michigan",0.0,1.0,0.0,0.0,0.0,0.0,0.0,0.0,0.0,0.0,0.0,0.0,0.0,346457.0,60380.0,1.0
628,"Rogers County, Oklahoma",0.0,1.0,0.0,0.0,0.0,0.0,0.0,0.0,0.0,0.0,0.0,0.0,0.0,34495.0,60735.0,1.0
629,"Vanderburgh County, Indiana",2.0,0.0,0.0,0.0,0.0,0.0,0.0,0.0,0.0,0.0,0.0,0.0,0.0,77174.0,46681.0,2.0
630,"Palm Beach County, Florida",0.0,3.0,0.0,0.0,0.0,0.0,0.0,0.0,0.0,0.0,0.0,0.0,0.0,547824.0,60057.0,3.0
631,"Waukesha County, Wisconsin",0.0,0.0,0.0,0.0,0.0,0.0,0.0,0.0,0.0,0.0,0.0,0.0,0.0,159513.0,82248.0,0.0
632,"Wagoner County, Oklahoma",0.0,1.0,0.0,0.0,0.0,0.0,0.0,0.0,0.0,0.0,0.0,0.0,0.0,28307.0,57823.0,1.0
633,"Orange County, North Carolina",3.0,0.0,0.0,0.0,0.0,1.0,0.0,0.0,0.0,0.0,0.0,0.0,0.0,53607.0,69940.0,4.0
634,"Carbon County, Pennsylvania",1.0,0.0,0.0,0.0,0.0,1.0,0.0,0.0,0.0,0.0,0.0,0.0,0.0,26213.0,49647.0,2.0
635,"Lowndes County, Georgia",2.0,0.0,2.0,0.0,0.0,0.0,1.0,0.0,0.0,0.0,0.0,0.0,0.0,41585.0,41156.0,5.0
636,"Marion County, Ohio",0.0,1.0,1.0,0.0,1.0,0.0,0.0,0.0,0.0,0.0,0.0,0.0,0.0,24971.0,44766.0,3.0
637,"McCracken County, Kentucky",0.0,1.0,0.0,0.0,0.0,1.0,0.0,0.0,0.0,0.0,0.0,0.0,0.0,26803.0,49436.0,2.0
638,"Bell County, Texas",0.0,1.0,0.0,0.0,0.0,0.0,0.0,0.0,0.0,0.0,0.0,0.0,0.0,122333.0,52479.0,1.0
639,"Sarpy County, Nebraska",0.0,1.0,0.0,0.0,0.0,0.0,1.0,0.0,0.0,0.0,0.0,0.0,0.0,65715.0,80694.0,2.0
640,"Racine County, Wisconsin",0.0,1.0,0.0,0.0,0.0,0.0,0.0,0.0,0.0,0.0,0.0,0.0,0.0,77473.0,60897.0,1.0
641,"Saginaw County, Michigan",0.0,0.0,0.0,0.0,0.0,0.0,0.0,0.0,0.0,0.0,0.0,0.0,0.0,80958.0,45331.0,0.0
642,"Coryell County, Texas",1.0,0.0,0.0,0.0,0.0,0.0,0.0,0.0,0.0,0.0,0.0,0.0,0.0,20335.0,52769.0,1.0
643,"Kenosha County, Wisconsin",0.0,0.0,0.0,0.0,0.0,0.0,0.0,0.0,0.0,0.0,0.0,0.0,0.0,63546.0,61073.0,0.0
644,"Yellowstone County, Montana",0.0,1.0,0.0,0.0,0.0,1.0,0.0,0.0,0.0,0.0,1.0,0.0,0.0,65962.0,58156.0,3.0
645,"Champaign County, Illinois",2.0,2.0,1.0,0.0,0.0,0.0,0.0,0.0,0.0,0.0,0.0,0.0,0.0,83080.0,50281.0,5.0
646,"Jefferson County, Arkansas",0.0,1.0,0.0,0.0,0.0,1.0,1.0,0.0,0.0,0.0,0.0,0.0,0.0,26537.0,37678.0,3.0
647,"Ross County, Ohio",0.0,0.0,0.0,0.0,0.0,0.0,1.0,0.0,0.0,0.0,0.0,0.0,0.0,27914.0,50713.0,1.0
648,"Monroe County, Pennsylvania",1.0,0.0,1.0,0.0,0.0,0.0,0.0,0.0,0.0,0.0,0.0,0.0,0.0,57668.0,61612.0,2.0
649,"Ozaukee County, Wisconsin",0.0,1.0,0.0,0.0,0.0,0.0,0.0,0.0,0.0,0.0,0.0,0.0,0.0,35552.0,82869.0,1.0
650,"Tazewell County, Illinois",0.0,0.0,0.0,0.0,1.0,1.0,0.0,0.0,0.0,0.0,0.0,0.0,0.0,54253.0,60306.0,2.0
651,"Madison County, Tennessee",1.0,0.0,0.0,0.0,0.0,0.0,0.0,0.0,0.0,0.0,0.0,0.0,0.0,36343.0,45013.0,1.0
652,"Floyd County, Indiana",0.0,0.0,0.0,0.0,0.0,1.0,0.0,0.0,0.0,0.0,0.0,0.0,0.0,28614.0,60690.0,1.0
653,"Montgomery County, Virginia",0.0,2.0,0.0,0.0,0.0,0.0,0.0,0.0,0.0,0.0,0.0,0.0,0.0,34336.0,56462.0,2.0
654,"Collin County, Texas",1.0,1.0,0.0,0.0,0.0,0.0,0.0,0.0,0.0,0.0,0.0,0.0,0.0,338769.0,94933.0,2.0
655,"Madison County, Alabama",1.0,0.0,0.0,0.0,0.0,0.0,0.0,0.0,0.0,0.0,0.0,0.0,0.0,147892.0,62312.0,1.0
656,"Erie County, Ohio",0.0,0.0,0.0,0.0,0.0,0.0,0.0,0.0,0.0,0.0,0.0,0.0,0.0,31893.0,54958.0,0.0
657,"Lauderdale County, Alabama",1.0,0.0,0.0,1.0,0.0,0.0,0.0,0.0,0.0,0.0,0.0,0.0,0.0,38215.0,45352.0,2.0
658,"Clark County, Washington",0.0,1.0,0.0,0.0,0.0,0.0,0.0,0.0,0.0,0.0,0.0,0.0,0.0,173579.0,74747.0,1.0
659,"Jefferson County, Missouri",0.0,0.0,0.0,0.0,0.0,1.0,0.0,0.0,0.0,0.0,0.0,0.0,0.0,84301.0,62228.0,1.0
660,"Victoria County, Texas",0.0,4.0,0.0,0.0,0.0,0.0,0.0,0.0,0.0,0.0,0.0,0.0,0.0,32778.0,51892.0,4.0
661,"DeKalb County, Alabama",0.0,0.0,0.0,0.0,0.0,0.0,0.0,0.0,0.0,0.0,0.0,0.0,0.0,25848.0,39373.0,0.0
662,"Santa Fe County, New Mexico",1.0,0.0,0.0,0.0,0.0,0.0,0.0,0.0,0.0,0.0,0.0,0.0,0.0,60904.0,58821.0,1.0
663,"Sarasota County, Florida",0.0,0.0,0.0,0.0,0.0,0.0,0.0,0.0,0.0,0.0,0.0,0.0,0.0,184614.0,58400.0,0.0
664,"Aiken County, South Carolina",1.0,1.0,0.0,0.0,0.0,0.0,0.0,0.0,0.0,0.0,0.0,0.0,0.0,67790.0,50749.0,2.0
665,"Clearfield County, Pennsylvania",0.0,1.0,0.0,0.0,0.0,0.0,0.0,0.0,0.0,0.0,0.0,0.0,0.0,29098.0,48581.0,1.0
666,"Wichita County, Texas",0.0,1.0,1.0,0.0,0.0,0.0,0.0,0.0,0.0,0.0,0.0,0.0,0.0,48382.0,43295.0,2.0
667,"Thurston County, Washington",0.0,0.0,0.0,2.0,0.0,0.0,0.0,0.0,0.0,0.0,0.0,0.0,0.0,112075.0,71765.0,2.0
668,"Clark County, Ohio",1.0,0.0,0.0,0.0,0.0,0.0,0.0,0.0,0.0,0.0,0.0,0.0,0.0,54026.0,46665.0,1.0
669,"Loudoun County, Virginia",0.0,1.0,0.0,0.0,0.0,0.0,0.0,0.0,0.0,0.0,0.0,0.0,0.0,129769.0,135842.0,1.0
670,"Portage County, Ohio",0.0,1.0,0.0,0.0,0.0,0.0,0.0,0.0,0.0,0.0,0.0,0.0,0.0,62293.0,59402.0,1.0
671,"Columbia County, Florida",1.0,0.0,0.0,0.0,0.0,0.0,0.0,0.0,0.0,0.0,0.0,0.0,0.0,24335.0,40811.0,1.0
672,"DeSoto County, Mississippi",0.0,1.0,0.0,0.0,0.0,0.0,0.0,0.0,0.0,0.0,0.0,0.0,0.0,61764.0,66440.0,1.0
673,"Lehigh County, Pennsylvania",1.0,0.0,1.0,0.0,0.0,0.0,0.0,0.0,0.0,0.0,0.0,0.0,0.0,139466.0,60871.0,2.0
674,"Tooele County, Utah",0.0,1.0,0.0,0.0,1.0,0.0,0.0,0.0,0.0,0.0,0.0,0.0,0.0,20555.0,72386.0,2.0
675,"Henderson County, Texas",0.0,1.0,0.0,0.0,0.0,0.0,0.0,0.0,0.0,0.0,0.0,0.0,0.0,32412.0,44971.0,1.0
676,"Cleveland County, Oklahoma",0.0,1.0,0.0,0.0,0.0,0.0,0.0,0.0,0.0,0.0,0.0,0.0,0.0,106080.0,61213.0,1.0
677,"Knox County, Tennessee",0.0,1.0,0.0,0.0,0.0,0.0,0.0,0.0,0.0,0.0,0.0,0.0,0.0,187098.0,55266.0,1.0
678,"Clermont County, Ohio",0.0,0.0,0.0,0.0,0.0,1.0,0.0,1.0,0.0,0.0,0.0,0.0,0.0,78198.0,65632.0,2.0
679,"Pottawattamie County, Iowa",0.0,0.0,0.0,0.0,1.0,1.0,0.0,0.0,0.0,0.0,0.0,0.0,0.0,36662.0,58633.0,2.0
680,"Washington County, Pennsylvania",0.0,0.0,0.0,0.0,0.0,0.0,0.0,0.0,0.0,0.0,0.0,0.0,0.0,81924.0,60551.0,0.0
681,"Collier County, Florida",0.0,0.0,0.0,0.0,0.0,0.0,0.0,0.0,0.0,0.0,0.0,0.0,0.0,144354.0,66048.0,0.0
682,"Shawnee County, Kansas",0.0,0.0,0.0,0.0,0.0,0.0,0.0,0.0,0.0,0.0,0.0,0.0,0.0,73724.0,57095.0,0.0
683,"Putnam County, New York",0.0,1.0,0.0,0.0,0.0,0.0,0.0,0.0,0.0,0.0,0.0,0.0,0.0,34549.0,99479.0,1.0
684,"Coweta County, Georgia",0.0,1.0,0.0,0.0,0.0,0.0,0.0,0.0,0.0,0.0,0.0,0.0,0.0,52796.0,72787.0,1.0
685,"York County, Virginia",0.0,0.0,1.0,0.0,0.0,0.0,0.0,0.0,0.0,0.0,0.0,0.0,0.0,25294.0,83993.0,1.0
